region,service,url,keyword,title,description,h1,h2h3,body,alt,anchors,score
광주북구,drain,/regions/gwangju/gwangju-bukgu/drain/,하수구막힘,True,True,True,True,True,True,True,7
광주북구,drain,/regions/gwangju/gwangju-bukgu/drain/,싱크대막힘,False,False,False,False,False,False,False,0
광주북구,drain,/regions/gwangju/gwangju-bukgu/drain/,배수구막힘,False,False,False,False,False,False,False,0
광주북구,drain,/regions/gwangju/gwangju-bukgu/drain/,변기막힘,False,False,False,False,False,False,False,0
광주북구,drain,/regions/gwangju/gwangju-bukgu/drain/,화장실막힘,False,False,False,False,False,False,False,0
광주북구,drain,/regions/gwangju/gwangju-bukgu/drain/,맨홀역류,False,False,False,False,False,False,False,0
광주북구,drain,/regions/gwangju/gwangju-bukgu/drain/,오수관막힘,False,False,False,False,False,False,False,0
광주북구,drain,/regions/gwangju/gwangju-bukgu/drain/,하수관막힘,False,False,False,False,False,False,False,0
광주북구,drain,/regions/gwangju/gwangju-bukgu/drain/,배관청소,False,False,False,False,False,False,False,0
광주북구,drain,/regions/gwangju/gwangju-bukgu/drain/,고압세척,False,False,False,False,False,False,False,0
광주북구,drain,/regions/gwangju/gwangju-bukgu/drain/,하수구뚫음,False,False,False,False,True,False,True,2
광주북구,leak,/regions/gwangju/gwangju-bukgu/leak/,누수탐지,True,False,True,True,True,True,True,6
광주북구,leak,/regions/gwangju/gwangju-bukgu/leak/,누수탐사,False,False,False,False,False,False,False,0
광주북구,leak,/regions/gwangju/gwangju-bukgu/leak/,누수업체,False,False,False,False,False,False,False,0
광주북구,leak,/regions/gwangju/gwangju-bukgu/leak/,수도배관누수,False,False,False,False,False,False,False,0
광주북구,leak,/regions/gwangju/gwangju-bukgu/leak/,온수배관누수,False,False,False,False,False,False,False,0
광주북구,leak,/regions/gwangju/gwangju-bukgu/leak/,난방배관누수,False,False,False,False,False,False,False,0
광주북구,leak,/regions/gwangju/gwangju-bukgu/leak/,보일러누수,False,False,False,False,False,False,False,0
광주북구,leak,/regions/gwangju/gwangju-bukgu/leak/,아파트누수,False,False,False,False,False,False,False,0
광주북구,leak,/regions/gwangju/gwangju-bukgu/leak/,천장누수,False,False,False,False,False,False,False,0
광주북구,leak,/regions/gwangju/gwangju-bukgu/leak/,화장실누수,False,False,False,False,False,False,False,0
광주북구,leak,/regions/gwangju/gwangju-bukgu/leak/,누수공사,False,False,False,False,False,False,False,0
광주북구,leak,/regions/gwangju/gwangju-bukgu/leak/,누수수리,False,False,False,False,False,False,False,0
광주동구,drain,/regions/gwangju/gwangju-donggu/drain/,하수구막힘,True,True,True,True,True,True,True,7
광주동구,drain,/regions/gwangju/gwangju-donggu/drain/,싱크대막힘,False,False,False,False,False,False,False,0
광주동구,drain,/regions/gwangju/gwangju-donggu/drain/,배수구막힘,False,False,False,False,False,False,False,0
광주동구,drain,/regions/gwangju/gwangju-donggu/drain/,변기막힘,False,False,False,False,False,False,False,0
광주동구,drain,/regions/gwangju/gwangju-donggu/drain/,화장실막힘,False,False,False,False,False,False,False,0
광주동구,drain,/regions/gwangju/gwangju-donggu/drain/,맨홀역류,False,False,False,False,False,False,False,0
광주동구,drain,/regions/gwangju/gwangju-donggu/drain/,오수관막힘,False,False,False,False,False,False,False,0
광주동구,drain,/regions/gwangju/gwangju-donggu/drain/,하수관막힘,False,False,False,False,False,False,False,0
광주동구,drain,/regions/gwangju/gwangju-donggu/drain/,배관청소,False,False,False,False,False,False,False,0
광주동구,drain,/regions/gwangju/gwangju-donggu/drain/,고압세척,False,False,False,False,False,False,False,0
광주동구,drain,/regions/gwangju/gwangju-donggu/drain/,하수구뚫음,False,False,False,False,True,False,True,2
광주동구,leak,/regions/gwangju/gwangju-donggu/leak/,누수탐지,True,False,True,True,True,False,False,4
광주동구,leak,/regions/gwangju/gwangju-donggu/leak/,누수탐사,False,False,False,False,False,False,False,0
광주동구,leak,/regions/gwangju/gwangju-donggu/leak/,누수업체,False,False,False,False,False,False,False,0
광주동구,leak,/regions/gwangju/gwangju-donggu/leak/,수도배관누수,False,False,False,False,False,False,False,0
광주동구,leak,/regions/gwangju/gwangju-donggu/leak/,온수배관누수,False,False,False,False,False,False,False,0
광주동구,leak,/regions/gwangju/gwangju-donggu/leak/,난방배관누수,False,False,False,False,False,False,False,0
광주동구,leak,/regions/gwangju/gwangju-donggu/leak/,보일러누수,False,False,False,False,False,False,False,0
광주동구,leak,/regions/gwangju/gwangju-donggu/leak/,아파트누수,False,False,False,False,False,False,False,0
광주동구,leak,/regions/gwangju/gwangju-donggu/leak/,천장누수,False,False,False,False,False,False,False,0
광주동구,leak,/regions/gwangju/gwangju-donggu/leak/,화장실누수,False,False,False,False,False,False,False,0
광주동구,leak,/regions/gwangju/gwangju-donggu/leak/,누수공사,False,False,False,False,False,False,False,0
광주동구,leak,/regions/gwangju/gwangju-donggu/leak/,누수수리,False,False,False,False,False,False,False,0
광주광산구,drain,/regions/gwangju/gwangju-gwangsangu/drain/,하수구막힘,True,True,True,True,True,True,True,7
광주광산구,drain,/regions/gwangju/gwangju-gwangsangu/drain/,싱크대막힘,False,False,False,False,False,False,False,0
광주광산구,drain,/regions/gwangju/gwangju-gwangsangu/drain/,배수구막힘,False,False,False,False,False,False,False,0
광주광산구,drain,/regions/gwangju/gwangju-gwangsangu/drain/,변기막힘,False,False,False,False,False,False,False,0
광주광산구,drain,/regions/gwangju/gwangju-gwangsangu/drain/,화장실막힘,False,False,False,False,False,False,False,0
광주광산구,drain,/regions/gwangju/gwangju-gwangsangu/drain/,맨홀역류,False,False,False,False,False,False,False,0
광주광산구,drain,/regions/gwangju/gwangju-gwangsangu/drain/,오수관막힘,False,False,False,False,False,False,False,0
광주광산구,drain,/regions/gwangju/gwangju-gwangsangu/drain/,하수관막힘,False,False,False,False,False,False,False,0
광주광산구,drain,/regions/gwangju/gwangju-gwangsangu/drain/,배관청소,False,False,False,False,False,False,False,0
광주광산구,drain,/regions/gwangju/gwangju-gwangsangu/drain/,고압세척,False,False,False,False,False,False,False,0
광주광산구,drain,/regions/gwangju/gwangju-gwangsangu/drain/,하수구뚫음,False,False,False,False,False,False,False,0
광주광산구,leak,/regions/gwangju/gwangju-gwangsangu/leak/,누수탐지,True,False,True,True,True,False,False,4
광주광산구,leak,/regions/gwangju/gwangju-gwangsangu/leak/,누수탐사,False,False,False,False,False,False,False,0
광주광산구,leak,/regions/gwangju/gwangju-gwangsangu/leak/,누수업체,False,False,False,False,False,False,False,0
광주광산구,leak,/regions/gwangju/gwangju-gwangsangu/leak/,수도배관누수,False,False,False,False,False,False,False,0
광주광산구,leak,/regions/gwangju/gwangju-gwangsangu/leak/,온수배관누수,False,False,False,False,False,False,False,0
광주광산구,leak,/regions/gwangju/gwangju-gwangsangu/leak/,난방배관누수,False,False,False,False,False,False,False,0
광주광산구,leak,/regions/gwangju/gwangju-gwangsangu/leak/,보일러누수,False,False,False,False,False,False,False,0
광주광산구,leak,/regions/gwangju/gwangju-gwangsangu/leak/,아파트누수,False,False,False,False,False,False,False,0
광주광산구,leak,/regions/gwangju/gwangju-gwangsangu/leak/,천장누수,False,False,False,False,False,False,False,0
광주광산구,leak,/regions/gwangju/gwangju-gwangsangu/leak/,화장실누수,False,False,False,False,False,False,False,0
광주광산구,leak,/regions/gwangju/gwangju-gwangsangu/leak/,누수공사,False,False,False,False,False,False,False,0
광주광산구,leak,/regions/gwangju/gwangju-gwangsangu/leak/,누수수리,False,False,False,False,False,False,False,0
광주남구,drain,/regions/gwangju/gwangju-namgu/drain/,하수구막힘,True,True,True,True,True,True,True,7
광주남구,drain,/regions/gwangju/gwangju-namgu/drain/,싱크대막힘,False,False,False,False,False,False,False,0
광주남구,drain,/regions/gwangju/gwangju-namgu/drain/,배수구막힘,False,False,False,False,False,False,False,0
광주남구,drain,/regions/gwangju/gwangju-namgu/drain/,변기막힘,False,False,False,False,False,False,False,0
광주남구,drain,/regions/gwangju/gwangju-namgu/drain/,화장실막힘,False,False,False,False,False,False,False,0
광주남구,drain,/regions/gwangju/gwangju-namgu/drain/,맨홀역류,False,False,False,False,False,False,False,0
광주남구,drain,/regions/gwangju/gwangju-namgu/drain/,오수관막힘,False,False,False,False,False,False,False,0
광주남구,drain,/regions/gwangju/gwangju-namgu/drain/,하수관막힘,False,False,False,False,False,False,False,0
광주남구,drain,/regions/gwangju/gwangju-namgu/drain/,배관청소,False,False,False,False,False,False,False,0
광주남구,drain,/regions/gwangju/gwangju-namgu/drain/,고압세척,False,False,False,False,False,False,False,0
광주남구,drain,/regions/gwangju/gwangju-namgu/drain/,하수구뚫음,False,False,False,False,True,False,True,2
광주남구,leak,/regions/gwangju/gwangju-namgu/leak/,누수탐지,True,False,True,True,True,False,False,4
광주남구,leak,/regions/gwangju/gwangju-namgu/leak/,누수탐사,False,False,False,False,False,False,False,0
광주남구,leak,/regions/gwangju/gwangju-namgu/leak/,누수업체,False,False,False,False,False,False,False,0
광주남구,leak,/regions/gwangju/gwangju-namgu/leak/,수도배관누수,False,False,False,False,False,False,False,0
광주남구,leak,/regions/gwangju/gwangju-namgu/leak/,온수배관누수,False,False,False,False,False,False,False,0
광주남구,leak,/regions/gwangju/gwangju-namgu/leak/,난방배관누수,False,False,False,False,False,False,False,0
광주남구,leak,/regions/gwangju/gwangju-namgu/leak/,보일러누수,False,False,False,False,False,False,False,0
광주남구,leak,/regions/gwangju/gwangju-namgu/leak/,아파트누수,False,False,False,False,False,False,False,0
광주남구,leak,/regions/gwangju/gwangju-namgu/leak/,천장누수,False,False,False,False,False,False,False,0
광주남구,leak,/regions/gwangju/gwangju-namgu/leak/,화장실누수,False,False,False,False,False,False,False,0
광주남구,leak,/regions/gwangju/gwangju-namgu/leak/,누수공사,False,False,False,False,False,False,False,0
광주남구,leak,/regions/gwangju/gwangju-namgu/leak/,누수수리,False,False,False,False,False,False,False,0
광주서구,drain,/regions/gwangju/gwangju-seogu/drain/,하수구막힘,True,True,True,True,True,True,False,6
광주서구,drain,/regions/gwangju/gwangju-seogu/drain/,싱크대막힘,False,False,False,False,False,False,False,0
광주서구,drain,/regions/gwangju/gwangju-seogu/drain/,배수구막힘,False,False,False,False,False,False,False,0
광주서구,drain,/regions/gwangju/gwangju-seogu/drain/,변기막힘,False,False,False,False,False,False,False,0
광주서구,drain,/regions/gwangju/gwangju-seogu/drain/,화장실막힘,False,False,False,False,False,False,False,0
광주서구,drain,/regions/gwangju/gwangju-seogu/drain/,맨홀역류,False,False,False,False,False,False,False,0
광주서구,drain,/regions/gwangju/gwangju-seogu/drain/,오수관막힘,False,False,False,False,False,False,False,0
광주서구,drain,/regions/gwangju/gwangju-seogu/drain/,하수관막힘,False,False,False,False,False,False,False,0
광주서구,drain,/regions/gwangju/gwangju-seogu/drain/,배관청소,False,False,False,False,False,False,False,0
광주서구,drain,/regions/gwangju/gwangju-seogu/drain/,고압세척,False,False,False,False,False,False,False,0
광주서구,drain,/regions/gwangju/gwangju-seogu/drain/,하수구뚫음,False,False,False,False,True,False,True,2
광주서구,leak,/regions/gwangju/gwangju-seogu/leak/,누수탐지,True,False,True,True,True,False,False,4
광주서구,leak,/regions/gwangju/gwangju-seogu/leak/,누수탐사,False,False,False,False,False,False,False,0
광주서구,leak,/regions/gwangju/gwangju-seogu/leak/,누수업체,False,False,False,False,False,False,False,0
광주서구,leak,/regions/gwangju/gwangju-seogu/leak/,수도배관누수,False,False,False,False,False,False,False,0
광주서구,leak,/regions/gwangju/gwangju-seogu/leak/,온수배관누수,False,False,False,False,False,False,False,0
광주서구,leak,/regions/gwangju/gwangju-seogu/leak/,난방배관누수,False,False,False,False,False,False,False,0
광주서구,leak,/regions/gwangju/gwangju-seogu/leak/,보일러누수,False,False,False,False,False,False,False,0
광주서구,leak,/regions/gwangju/gwangju-seogu/leak/,아파트누수,False,False,False,False,False,False,False,0
광주서구,leak,/regions/gwangju/gwangju-seogu/leak/,천장누수,False,False,False,False,False,False,False,0
광주서구,leak,/regions/gwangju/gwangju-seogu/leak/,화장실누수,False,False,False,False,False,False,False,0
광주서구,leak,/regions/gwangju/gwangju-seogu/leak/,누수공사,False,False,False,False,False,False,False,0
광주서구,leak,/regions/gwangju/gwangju-seogu/leak/,누수수리,False,False,False,False,False,False,False,0
부안,drain,/regions/jeonbuk/buan/drain/,하수구막힘,True,True,True,True,True,False,False,5
부안,drain,/regions/jeonbuk/buan/drain/,싱크대막힘,False,False,False,False,False,False,False,0
부안,drain,/regions/jeonbuk/buan/drain/,배수구막힘,False,False,False,False,False,False,False,0
부안,drain,/regions/jeonbuk/buan/drain/,변기막힘,False,False,False,False,False,False,False,0
부안,drain,/regions/jeonbuk/buan/drain/,화장실막힘,False,False,False,False,False,False,False,0
부안,drain,/regions/jeonbuk/buan/drain/,맨홀역류,False,False,False,False,False,False,False,0
부안,drain,/regions/jeonbuk/buan/drain/,오수관막힘,False,False,False,False,False,False,False,0
부안,drain,/regions/jeonbuk/buan/drain/,하수관막힘,False,False,False,False,False,False,False,0
부안,drain,/regions/jeonbuk/buan/drain/,배관청소,False,False,False,False,False,False,False,0
부안,drain,/regions/jeonbuk/buan/drain/,고압세척,False,False,False,False,False,False,False,0
부안,drain,/regions/jeonbuk/buan/drain/,하수구뚫음,False,False,False,False,False,False,False,0
김제,drain,/regions/jeonbuk/gimje/drain/,하수구막힘,True,True,True,True,True,False,False,5
김제,drain,/regions/jeonbuk/gimje/drain/,싱크대막힘,False,False,False,False,False,False,False,0
김제,drain,/regions/jeonbuk/gimje/drain/,배수구막힘,False,False,False,False,False,False,False,0
김제,drain,/regions/jeonbuk/gimje/drain/,변기막힘,False,False,False,False,False,False,False,0
김제,drain,/regions/jeonbuk/gimje/drain/,화장실막힘,False,False,False,False,False,False,False,0
김제,drain,/regions/jeonbuk/gimje/drain/,맨홀역류,False,False,False,False,False,False,False,0
김제,drain,/regions/jeonbuk/gimje/drain/,오수관막힘,False,False,False,False,False,False,False,0
김제,drain,/regions/jeonbuk/gimje/drain/,하수관막힘,False,False,False,False,False,False,False,0
김제,drain,/regions/jeonbuk/gimje/drain/,배관청소,False,False,False,False,False,False,False,0
김제,drain,/regions/jeonbuk/gimje/drain/,고압세척,False,False,False,False,False,False,False,0
김제,drain,/regions/jeonbuk/gimje/drain/,하수구뚫음,False,False,False,False,False,False,False,0
고창,drain,/regions/jeonbuk/gochang/drain/,하수구막힘,True,True,True,True,True,True,True,7
고창,drain,/regions/jeonbuk/gochang/drain/,싱크대막힘,False,False,False,False,False,False,False,0
고창,drain,/regions/jeonbuk/gochang/drain/,배수구막힘,False,False,False,False,False,False,False,0
고창,drain,/regions/jeonbuk/gochang/drain/,변기막힘,False,False,False,False,False,False,False,0
고창,drain,/regions/jeonbuk/gochang/drain/,화장실막힘,False,False,False,False,False,False,False,0
고창,drain,/regions/jeonbuk/gochang/drain/,맨홀역류,False,False,False,False,False,False,False,0
고창,drain,/regions/jeonbuk/gochang/drain/,오수관막힘,False,False,False,False,False,False,False,0
고창,drain,/regions/jeonbuk/gochang/drain/,하수관막힘,False,False,False,False,False,False,False,0
고창,drain,/regions/jeonbuk/gochang/drain/,배관청소,False,False,False,False,False,False,False,0
고창,drain,/regions/jeonbuk/gochang/drain/,고압세척,False,False,False,False,False,False,False,0
고창,drain,/regions/jeonbuk/gochang/drain/,하수구뚫음,False,False,False,False,False,False,False,0
고창,leak,/regions/jeonbuk/gochang/leak/,누수탐지,True,False,True,True,True,True,True,6
고창,leak,/regions/jeonbuk/gochang/leak/,누수탐사,False,False,False,False,False,False,False,0
고창,leak,/regions/jeonbuk/gochang/leak/,누수업체,False,False,False,False,False,False,False,0
고창,leak,/regions/jeonbuk/gochang/leak/,수도배관누수,False,False,False,False,False,False,False,0
고창,leak,/regions/jeonbuk/gochang/leak/,온수배관누수,False,False,False,False,False,False,False,0
고창,leak,/regions/jeonbuk/gochang/leak/,난방배관누수,False,False,False,False,False,False,False,0
고창,leak,/regions/jeonbuk/gochang/leak/,보일러누수,False,False,False,False,False,False,False,0
고창,leak,/regions/jeonbuk/gochang/leak/,아파트누수,False,False,False,False,False,False,False,0
고창,leak,/regions/jeonbuk/gochang/leak/,천장누수,False,False,False,False,False,False,False,0
고창,leak,/regions/jeonbuk/gochang/leak/,화장실누수,False,False,False,False,False,False,False,0
고창,leak,/regions/jeonbuk/gochang/leak/,누수공사,False,False,False,False,False,False,False,0
고창,leak,/regions/jeonbuk/gochang/leak/,누수수리,False,False,False,False,False,False,False,0
군산,drain,/regions/jeonbuk/gunsan/drain/,하수구막힘,True,True,True,True,True,False,False,5
군산,drain,/regions/jeonbuk/gunsan/drain/,싱크대막힘,False,False,False,False,False,False,False,0
군산,drain,/regions/jeonbuk/gunsan/drain/,배수구막힘,False,False,False,False,False,False,False,0
군산,drain,/regions/jeonbuk/gunsan/drain/,변기막힘,False,False,False,False,False,False,False,0
군산,drain,/regions/jeonbuk/gunsan/drain/,화장실막힘,False,False,False,False,False,False,False,0
군산,drain,/regions/jeonbuk/gunsan/drain/,맨홀역류,False,False,False,False,False,False,False,0
군산,drain,/regions/jeonbuk/gunsan/drain/,오수관막힘,False,False,False,False,False,False,False,0
군산,drain,/regions/jeonbuk/gunsan/drain/,하수관막힘,False,False,False,False,False,False,False,0
군산,drain,/regions/jeonbuk/gunsan/drain/,배관청소,False,False,False,False,False,False,False,0
군산,drain,/regions/jeonbuk/gunsan/drain/,고압세척,False,False,False,False,False,False,False,0
군산,drain,/regions/jeonbuk/gunsan/drain/,하수구뚫음,False,False,False,False,False,False,False,0
익산,drain,/regions/jeonbuk/iksan/drain/,하수구막힘,True,True,True,True,True,False,False,5
익산,drain,/regions/jeonbuk/iksan/drain/,싱크대막힘,False,False,False,False,False,False,False,0
익산,drain,/regions/jeonbuk/iksan/drain/,배수구막힘,False,False,False,False,False,False,False,0
익산,drain,/regions/jeonbuk/iksan/drain/,변기막힘,False,False,False,False,False,False,False,0
익산,drain,/regions/jeonbuk/iksan/drain/,화장실막힘,False,False,False,False,False,False,False,0
익산,drain,/regions/jeonbuk/iksan/drain/,맨홀역류,False,False,False,False,False,False,False,0
익산,drain,/regions/jeonbuk/iksan/drain/,오수관막힘,False,False,False,False,False,False,False,0
익산,drain,/regions/jeonbuk/iksan/drain/,하수관막힘,False,False,False,False,False,False,False,0
익산,drain,/regions/jeonbuk/iksan/drain/,배관청소,False,False,False,False,False,False,False,0
익산,drain,/regions/jeonbuk/iksan/drain/,고압세척,False,False,False,False,False,False,False,0
익산,drain,/regions/jeonbuk/iksan/drain/,하수구뚫음,False,False,False,False,False,False,False,0
임실,drain,/regions/jeonbuk/imsil/drain/,하수구막힘,True,True,True,True,True,False,False,5
임실,drain,/regions/jeonbuk/imsil/drain/,싱크대막힘,False,False,False,False,False,False,False,0
임실,drain,/regions/jeonbuk/imsil/drain/,배수구막힘,False,False,False,False,False,False,False,0
임실,drain,/regions/jeonbuk/imsil/drain/,변기막힘,False,False,False,False,False,False,False,0
임실,drain,/regions/jeonbuk/imsil/drain/,화장실막힘,False,False,False,False,False,False,False,0
임실,drain,/regions/jeonbuk/imsil/drain/,맨홀역류,False,False,False,False,False,False,False,0
임실,drain,/regions/jeonbuk/imsil/drain/,오수관막힘,False,False,False,False,False,False,False,0
임실,drain,/regions/jeonbuk/imsil/drain/,하수관막힘,False,False,False,False,False,False,False,0
임실,drain,/regions/jeonbuk/imsil/drain/,배관청소,False,False,False,False,False,False,False,0
임실,drain,/regions/jeonbuk/imsil/drain/,고압세척,False,False,False,False,False,False,False,0
임실,drain,/regions/jeonbuk/imsil/drain/,하수구뚫음,False,False,False,False,False,False,False,0
장수,drain,/regions/jeonbuk/jangsu/drain/,하수구막힘,True,True,True,True,True,False,False,5
장수,drain,/regions/jeonbuk/jangsu/drain/,싱크대막힘,False,False,False,False,False,False,False,0
장수,drain,/regions/jeonbuk/jangsu/drain/,배수구막힘,False,False,False,False,False,False,False,0
장수,drain,/regions/jeonbuk/jangsu/drain/,변기막힘,False,False,False,False,False,False,False,0
장수,drain,/regions/jeonbuk/jangsu/drain/,화장실막힘,False,False,False,False,False,False,False,0
장수,drain,/regions/jeonbuk/jangsu/drain/,맨홀역류,False,False,False,False,False,False,False,0
장수,drain,/regions/jeonbuk/jangsu/drain/,오수관막힘,False,False,False,False,False,False,False,0
장수,drain,/regions/jeonbuk/jangsu/drain/,하수관막힘,False,False,False,False,False,False,False,0
장수,drain,/regions/jeonbuk/jangsu/drain/,배관청소,False,False,False,False,False,False,False,0
장수,drain,/regions/jeonbuk/jangsu/drain/,고압세척,False,False,False,False,False,False,False,0
장수,drain,/regions/jeonbuk/jangsu/drain/,하수구뚫음,False,False,False,False,False,False,False,0
정읍,drain,/regions/jeonbuk/jeongeup/drain/,하수구막힘,True,True,True,True,True,True,True,7
정읍,drain,/regions/jeonbuk/jeongeup/drain/,싱크대막힘,False,False,False,False,False,False,False,0
정읍,drain,/regions/jeonbuk/jeongeup/drain/,배수구막힘,False,False,False,False,False,False,False,0
정읍,drain,/regions/jeonbuk/jeongeup/drain/,변기막힘,False,False,False,False,False,False,False,0
정읍,drain,/regions/jeonbuk/jeongeup/drain/,화장실막힘,False,False,False,False,False,False,False,0
정읍,drain,/regions/jeonbuk/jeongeup/drain/,맨홀역류,False,False,False,False,False,False,False,0
정읍,drain,/regions/jeonbuk/jeongeup/drain/,오수관막힘,False,False,False,False,False,False,False,0
정읍,drain,/regions/jeonbuk/jeongeup/drain/,하수관막힘,False,False,False,False,False,False,False,0
정읍,drain,/regions/jeonbuk/jeongeup/drain/,배관청소,False,False,False,False,False,False,False,0
정읍,drain,/regions/jeonbuk/jeongeup/drain/,고압세척,False,False,False,False,False,False,False,0
정읍,drain,/regions/jeonbuk/jeongeup/drain/,하수구뚫음,False,False,False,False,False,False,False,0
정읍,leak,/regions/jeonbuk/jeongeup/leak/,누수탐지,True,False,True,True,True,False,False,4
정읍,leak,/regions/jeonbuk/jeongeup/leak/,누수탐사,False,False,False,False,False,False,False,0
정읍,leak,/regions/jeonbuk/jeongeup/leak/,누수업체,False,False,False,False,False,False,False,0
정읍,leak,/regions/jeonbuk/jeongeup/leak/,수도배관누수,False,False,False,False,False,False,False,0
정읍,leak,/regions/jeonbuk/jeongeup/leak/,온수배관누수,False,False,False,False,False,False,False,0
정읍,leak,/regions/jeonbuk/jeongeup/leak/,난방배관누수,False,False,False,False,False,False,False,0
정읍,leak,/regions/jeonbuk/jeongeup/leak/,보일러누수,False,False,False,False,False,False,False,0
정읍,leak,/regions/jeonbuk/jeongeup/leak/,아파트누수,False,False,False,False,False,False,False,0
정읍,leak,/regions/jeonbuk/jeongeup/leak/,천장누수,False,False,False,False,False,False,False,0
정읍,leak,/regions/jeonbuk/jeongeup/leak/,화장실누수,False,False,False,False,False,False,False,0
정읍,leak,/regions/jeonbuk/jeongeup/leak/,누수공사,False,False,False,False,False,False,False,0
정읍,leak,/regions/jeonbuk/jeongeup/leak/,누수수리,False,False,False,False,False,False,False,0
전주,drain,/regions/jeonbuk/jeonju/drain/,하수구막힘,True,True,True,True,True,False,False,5
전주,drain,/regions/jeonbuk/jeonju/drain/,싱크대막힘,False,False,False,False,False,False,False,0
전주,drain,/regions/jeonbuk/jeonju/drain/,배수구막힘,False,False,False,False,False,False,False,0
전주,drain,/regions/jeonbuk/jeonju/drain/,변기막힘,False,False,False,False,False,False,False,0
전주,drain,/regions/jeonbuk/jeonju/drain/,화장실막힘,False,False,False,False,False,False,False,0
전주,drain,/regions/jeonbuk/jeonju/drain/,맨홀역류,False,False,False,False,False,False,False,0
전주,drain,/regions/jeonbuk/jeonju/drain/,오수관막힘,False,False,False,False,False,False,False,0
전주,drain,/regions/jeonbuk/jeonju/drain/,하수관막힘,False,False,False,False,False,False,False,0
전주,drain,/regions/jeonbuk/jeonju/drain/,배관청소,False,False,False,False,False,False,False,0
전주,drain,/regions/jeonbuk/jeonju/drain/,고압세척,False,False,False,False,False,False,False,0
전주,drain,/regions/jeonbuk/jeonju/drain/,하수구뚫음,False,False,False,False,False,False,False,0
진안,drain,/regions/jeonbuk/jinan/drain/,하수구막힘,True,True,True,True,True,False,False,5
진안,drain,/regions/jeonbuk/jinan/drain/,싱크대막힘,False,False,False,False,False,False,False,0
진안,drain,/regions/jeonbuk/jinan/drain/,배수구막힘,False,False,False,False,False,False,False,0
진안,drain,/regions/jeonbuk/jinan/drain/,변기막힘,False,False,False,False,False,False,False,0
진안,drain,/regions/jeonbuk/jinan/drain/,화장실막힘,False,False,False,False,False,False,False,0
진안,drain,/regions/jeonbuk/jinan/drain/,맨홀역류,False,False,False,False,False,False,False,0
진안,drain,/regions/jeonbuk/jinan/drain/,오수관막힘,False,False,False,False,False,False,False,0
진안,drain,/regions/jeonbuk/jinan/drain/,하수관막힘,False,False,False,False,False,False,False,0
진안,drain,/regions/jeonbuk/jinan/drain/,배관청소,False,False,False,False,False,False,False,0
진안,drain,/regions/jeonbuk/jinan/drain/,고압세척,False,False,False,False,False,False,False,0
진안,drain,/regions/jeonbuk/jinan/drain/,하수구뚫음,False,False,False,False,False,False,False,0
무주,drain,/regions/jeonbuk/muju/drain/,하수구막힘,True,True,True,True,True,False,False,5
무주,drain,/regions/jeonbuk/muju/drain/,싱크대막힘,False,False,False,False,False,False,False,0
무주,drain,/regions/jeonbuk/muju/drain/,배수구막힘,False,False,False,False,False,False,False,0
무주,drain,/regions/jeonbuk/muju/drain/,변기막힘,False,False,False,False,False,False,False,0
무주,drain,/regions/jeonbuk/muju/drain/,화장실막힘,False,False,False,False,False,False,False,0
무주,drain,/regions/jeonbuk/muju/drain/,맨홀역류,False,False,False,False,False,False,False,0
무주,drain,/regions/jeonbuk/muju/drain/,오수관막힘,False,False,False,False,False,False,False,0
무주,drain,/regions/jeonbuk/muju/drain/,하수관막힘,False,False,False,False,False,False,False,0
무주,drain,/regions/jeonbuk/muju/drain/,배관청소,False,False,False,False,False,False,False,0
무주,drain,/regions/jeonbuk/muju/drain/,고압세척,False,False,False,False,False,False,False,0
무주,drain,/regions/jeonbuk/muju/drain/,하수구뚫음,False,False,False,False,False,False,False,0
남원,drain,/regions/jeonbuk/namwon/drain/,하수구막힘,True,True,True,True,True,False,False,5
남원,drain,/regions/jeonbuk/namwon/drain/,싱크대막힘,False,False,False,False,False,False,False,0
남원,drain,/regions/jeonbuk/namwon/drain/,배수구막힘,False,False,False,False,False,False,False,0
남원,drain,/regions/jeonbuk/namwon/drain/,변기막힘,False,False,False,False,False,False,False,0
남원,drain,/regions/jeonbuk/namwon/drain/,화장실막힘,False,False,False,False,False,False,False,0
남원,drain,/regions/jeonbuk/namwon/drain/,맨홀역류,False,False,False,False,False,False,False,0
남원,drain,/regions/jeonbuk/namwon/drain/,오수관막힘,False,False,False,False,False,False,False,0
남원,drain,/regions/jeonbuk/namwon/drain/,하수관막힘,False,False,False,False,False,False,False,0
남원,drain,/regions/jeonbuk/namwon/drain/,배관청소,False,False,False,False,False,False,False,0
남원,drain,/regions/jeonbuk/namwon/drain/,고압세척,False,False,False,False,False,False,False,0
남원,drain,/regions/jeonbuk/namwon/drain/,하수구뚫음,False,False,False,False,False,False,False,0
순창,drain,/regions/jeonbuk/sunchang/drain/,하수구막힘,True,True,True,True,True,False,False,5
순창,drain,/regions/jeonbuk/sunchang/drain/,싱크대막힘,False,False,False,False,False,False,False,0
순창,drain,/regions/jeonbuk/sunchang/drain/,배수구막힘,False,False,False,False,False,False,False,0
순창,drain,/regions/jeonbuk/sunchang/drain/,변기막힘,False,False,False,False,False,False,False,0
순창,drain,/regions/jeonbuk/sunchang/drain/,화장실막힘,False,False,False,False,False,False,False,0
순창,drain,/regions/jeonbuk/sunchang/drain/,맨홀역류,False,False,False,False,False,False,False,0
순창,drain,/regions/jeonbuk/sunchang/drain/,오수관막힘,False,False,False,False,False,False,False,0
순창,drain,/regions/jeonbuk/sunchang/drain/,하수관막힘,False,False,False,False,False,False,False,0
순창,drain,/regions/jeonbuk/sunchang/drain/,배관청소,False,False,False,False,False,False,False,0
순창,drain,/regions/jeonbuk/sunchang/drain/,고압세척,False,False,False,False,False,False,False,0
순창,drain,/regions/jeonbuk/sunchang/drain/,하수구뚫음,False,False,False,False,False,False,False,0
순창,leak,/regions/jeonbuk/sunchang/leak/,누수탐지,True,False,True,False,True,True,True,5
순창,leak,/regions/jeonbuk/sunchang/leak/,누수탐사,False,False,False,False,False,False,False,0
순창,leak,/regions/jeonbuk/sunchang/leak/,누수업체,False,False,False,False,False,False,False,0
순창,leak,/regions/jeonbuk/sunchang/leak/,수도배관누수,False,False,False,False,False,False,False,0
순창,leak,/regions/jeonbuk/sunchang/leak/,온수배관누수,False,False,False,False,False,False,False,0
순창,leak,/regions/jeonbuk/sunchang/leak/,난방배관누수,False,False,False,False,False,False,False,0
순창,leak,/regions/jeonbuk/sunchang/leak/,보일러누수,False,False,False,False,False,False,False,0
순창,leak,/regions/jeonbuk/sunchang/leak/,아파트누수,False,False,False,False,False,False,False,0
순창,leak,/regions/jeonbuk/sunchang/leak/,천장누수,False,False,False,False,False,False,False,0
순창,leak,/regions/jeonbuk/sunchang/leak/,화장실누수,False,False,False,False,False,False,False,0
순창,leak,/regions/jeonbuk/sunchang/leak/,누수공사,False,False,False,False,False,False,False,0
순창,leak,/regions/jeonbuk/sunchang/leak/,누수수리,False,False,False,False,False,False,False,0
완주,drain,/regions/jeonbuk/wanju/drain/,하수구막힘,True,True,True,True,True,False,False,5
완주,drain,/regions/jeonbuk/wanju/drain/,싱크대막힘,False,False,False,False,False,False,False,0
완주,drain,/regions/jeonbuk/wanju/drain/,배수구막힘,False,False,False,False,False,False,False,0
완주,drain,/regions/jeonbuk/wanju/drain/,변기막힘,False,False,False,False,False,False,False,0
완주,drain,/regions/jeonbuk/wanju/drain/,화장실막힘,False,False,False,False,False,False,False,0
완주,drain,/regions/jeonbuk/wanju/drain/,맨홀역류,False,False,False,False,False,False,False,0
완주,drain,/regions/jeonbuk/wanju/drain/,오수관막힘,False,False,False,False,False,False,False,0
완주,drain,/regions/jeonbuk/wanju/drain/,하수관막힘,False,False,False,False,False,False,False,0
완주,drain,/regions/jeonbuk/wanju/drain/,배관청소,False,False,False,False,False,False,False,0
완주,drain,/regions/jeonbuk/wanju/drain/,고압세척,False,False,False,False,False,False,False,0
완주,drain,/regions/jeonbuk/wanju/drain/,하수구뚫음,False,False,False,False,False,False,False,0
보성,drain,/regions/jeonnam/boseong/drain/,하수구막힘,True,True,True,True,True,False,True,6
보성,drain,/regions/jeonnam/boseong/drain/,싱크대막힘,False,False,False,False,False,False,False,0
보성,drain,/regions/jeonnam/boseong/drain/,배수구막힘,False,False,False,False,False,False,False,0
보성,drain,/regions/jeonnam/boseong/drain/,변기막힘,False,False,False,False,False,False,False,0
보성,drain,/regions/jeonnam/boseong/drain/,화장실막힘,False,False,False,False,False,False,False,0
보성,drain,/regions/jeonnam/boseong/drain/,맨홀역류,False,False,False,False,False,False,False,0
보성,drain,/regions/jeonnam/boseong/drain/,오수관막힘,False,False,False,False,False,False,False,0
보성,drain,/regions/jeonnam/boseong/drain/,하수관막힘,False,False,False,False,False,False,False,0
보성,drain,/regions/jeonnam/boseong/drain/,배관청소,False,False,False,False,False,False,False,0
보성,drain,/regions/jeonnam/boseong/drain/,고압세척,False,False,False,False,False,False,False,0
보성,drain,/regions/jeonnam/boseong/drain/,하수구뚫음,False,False,False,False,False,False,False,0
담양,drain,/regions/jeonnam/damyang/drain/,하수구막힘,True,True,True,True,True,False,False,5
담양,drain,/regions/jeonnam/damyang/drain/,싱크대막힘,False,False,False,False,True,False,True,2
담양,drain,/regions/jeonnam/damyang/drain/,배수구막힘,False,False,False,False,False,False,False,0
담양,drain,/regions/jeonnam/damyang/drain/,변기막힘,False,False,False,False,False,False,False,0
담양,drain,/regions/jeonnam/damyang/drain/,화장실막힘,False,False,False,False,False,False,False,0
담양,drain,/regions/jeonnam/damyang/drain/,맨홀역류,False,False,False,False,False,False,False,0
담양,drain,/regions/jeonnam/damyang/drain/,오수관막힘,False,False,False,False,False,False,False,0
담양,drain,/regions/jeonnam/damyang/drain/,하수관막힘,False,False,False,False,False,False,False,0
담양,drain,/regions/jeonnam/damyang/drain/,배관청소,False,False,False,False,False,False,False,0
담양,drain,/regions/jeonnam/damyang/drain/,고압세척,False,False,False,False,False,False,False,0
담양,drain,/regions/jeonnam/damyang/drain/,하수구뚫음,False,False,False,False,True,False,True,2
담양,leak,/regions/jeonnam/damyang/leak/,누수탐지,True,False,True,True,True,False,False,4
담양,leak,/regions/jeonnam/damyang/leak/,누수탐사,False,False,False,False,False,False,False,0
담양,leak,/regions/jeonnam/damyang/leak/,누수업체,False,False,False,False,False,False,False,0
담양,leak,/regions/jeonnam/damyang/leak/,수도배관누수,False,False,False,False,False,False,False,0
담양,leak,/regions/jeonnam/damyang/leak/,온수배관누수,False,False,False,False,False,False,False,0
담양,leak,/regions/jeonnam/damyang/leak/,난방배관누수,False,False,False,False,False,False,False,0
담양,leak,/regions/jeonnam/damyang/leak/,보일러누수,False,False,False,False,False,False,False,0
담양,leak,/regions/jeonnam/damyang/leak/,아파트누수,False,False,False,False,False,False,False,0
담양,leak,/regions/jeonnam/damyang/leak/,천장누수,False,False,False,False,False,False,False,0
담양,leak,/regions/jeonnam/damyang/leak/,화장실누수,False,False,False,False,False,False,False,0
담양,leak,/regions/jeonnam/damyang/leak/,누수공사,False,False,False,False,False,False,False,0
담양,leak,/regions/jeonnam/damyang/leak/,누수수리,False,False,False,False,False,False,False,0
강진,drain,/regions/jeonnam/gangjin/drain/,하수구막힘,True,True,True,True,True,False,False,5
강진,drain,/regions/jeonnam/gangjin/drain/,싱크대막힘,False,False,False,False,False,False,False,0
강진,drain,/regions/jeonnam/gangjin/drain/,배수구막힘,False,False,False,False,False,False,False,0
강진,drain,/regions/jeonnam/gangjin/drain/,변기막힘,False,False,False,False,False,False,False,0
강진,drain,/regions/jeonnam/gangjin/drain/,화장실막힘,False,False,False,False,False,False,False,0
강진,drain,/regions/jeonnam/gangjin/drain/,맨홀역류,False,False,False,False,False,False,False,0
강진,drain,/regions/jeonnam/gangjin/drain/,오수관막힘,False,False,False,False,False,False,False,0
강진,drain,/regions/jeonnam/gangjin/drain/,하수관막힘,False,False,False,False,False,False,False,0
강진,drain,/regions/jeonnam/gangjin/drain/,배관청소,False,False,False,False,False,False,False,0
강진,drain,/regions/jeonnam/gangjin/drain/,고압세척,False,False,False,False,False,False,False,0
강진,drain,/regions/jeonnam/gangjin/drain/,하수구뚫음,False,False,False,False,False,False,False,0
고흥,drain,/regions/jeonnam/goheung/drain/,하수구막힘,True,True,True,True,True,False,False,5
고흥,drain,/regions/jeonnam/goheung/drain/,싱크대막힘,False,False,False,False,False,False,False,0
고흥,drain,/regions/jeonnam/goheung/drain/,배수구막힘,False,False,False,False,False,False,False,0
고흥,drain,/regions/jeonnam/goheung/drain/,변기막힘,False,False,False,False,False,False,False,0
고흥,drain,/regions/jeonnam/goheung/drain/,화장실막힘,False,False,False,False,False,False,False,0
고흥,drain,/regions/jeonnam/goheung/drain/,맨홀역류,False,False,False,False,False,False,False,0
고흥,drain,/regions/jeonnam/goheung/drain/,오수관막힘,False,False,False,False,False,False,False,0
고흥,drain,/regions/jeonnam/goheung/drain/,하수관막힘,False,False,False,False,False,False,False,0
고흥,drain,/regions/jeonnam/goheung/drain/,배관청소,False,False,False,False,False,False,False,0
고흥,drain,/regions/jeonnam/goheung/drain/,고압세척,False,False,False,False,False,False,False,0
고흥,drain,/regions/jeonnam/goheung/drain/,하수구뚫음,False,False,False,False,False,False,False,0
곡성,drain,/regions/jeonnam/gokseong/drain/,하수구막힘,True,True,True,True,True,False,False,5
곡성,drain,/regions/jeonnam/gokseong/drain/,싱크대막힘,False,False,False,False,False,False,False,0
곡성,drain,/regions/jeonnam/gokseong/drain/,배수구막힘,False,False,False,False,False,False,False,0
곡성,drain,/regions/jeonnam/gokseong/drain/,변기막힘,False,False,False,False,False,False,False,0
곡성,drain,/regions/jeonnam/gokseong/drain/,화장실막힘,False,False,False,False,False,False,False,0
곡성,drain,/regions/jeonnam/gokseong/drain/,맨홀역류,False,False,False,False,False,False,False,0
곡성,drain,/regions/jeonnam/gokseong/drain/,오수관막힘,False,False,False,False,False,False,False,0
곡성,drain,/regions/jeonnam/gokseong/drain/,하수관막힘,False,False,False,False,False,False,False,0
곡성,drain,/regions/jeonnam/gokseong/drain/,배관청소,False,False,False,False,False,False,False,0
곡성,drain,/regions/jeonnam/gokseong/drain/,고압세척,False,False,False,False,False,False,False,0
곡성,drain,/regions/jeonnam/gokseong/drain/,하수구뚫음,False,False,False,False,False,False,False,0
구례,drain,/regions/jeonnam/gurye/drain/,하수구막힘,True,True,True,True,True,False,True,6
구례,drain,/regions/jeonnam/gurye/drain/,싱크대막힘,False,False,False,False,False,False,False,0
구례,drain,/regions/jeonnam/gurye/drain/,배수구막힘,False,False,False,False,False,False,False,0
구례,drain,/regions/jeonnam/gurye/drain/,변기막힘,False,False,False,False,False,False,False,0
구례,drain,/regions/jeonnam/gurye/drain/,화장실막힘,False,False,False,False,False,False,False,0
구례,drain,/regions/jeonnam/gurye/drain/,맨홀역류,False,False,False,False,False,False,False,0
구례,drain,/regions/jeonnam/gurye/drain/,오수관막힘,False,False,False,False,False,False,False,0
구례,drain,/regions/jeonnam/gurye/drain/,하수관막힘,False,False,False,False,False,False,False,0
구례,drain,/regions/jeonnam/gurye/drain/,배관청소,False,False,False,False,False,False,False,0
구례,drain,/regions/jeonnam/gurye/drain/,고압세척,False,False,False,False,False,False,False,0
구례,drain,/regions/jeonnam/gurye/drain/,하수구뚫음,False,False,False,False,False,False,False,0
광양,drain,/regions/jeonnam/gwangyang/drain/,하수구막힘,True,True,True,True,True,False,False,5
광양,drain,/regions/jeonnam/gwangyang/drain/,싱크대막힘,False,False,False,False,False,False,False,0
광양,drain,/regions/jeonnam/gwangyang/drain/,배수구막힘,False,False,False,False,False,False,False,0
광양,drain,/regions/jeonnam/gwangyang/drain/,변기막힘,False,False,False,False,False,False,False,0
광양,drain,/regions/jeonnam/gwangyang/drain/,화장실막힘,False,False,False,False,False,False,False,0
광양,drain,/regions/jeonnam/gwangyang/drain/,맨홀역류,False,False,False,False,False,False,False,0
광양,drain,/regions/jeonnam/gwangyang/drain/,오수관막힘,False,False,False,False,False,False,False,0
광양,drain,/regions/jeonnam/gwangyang/drain/,하수관막힘,False,False,False,False,False,False,False,0
광양,drain,/regions/jeonnam/gwangyang/drain/,배관청소,False,False,False,False,False,False,False,0
광양,drain,/regions/jeonnam/gwangyang/drain/,고압세척,False,False,False,False,False,False,False,0
광양,drain,/regions/jeonnam/gwangyang/drain/,하수구뚫음,False,False,False,False,False,False,False,0
해남,drain,/regions/jeonnam/haenam/drain/,하수구막힘,True,True,True,True,True,False,False,5
해남,drain,/regions/jeonnam/haenam/drain/,싱크대막힘,False,False,False,False,False,False,False,0
해남,drain,/regions/jeonnam/haenam/drain/,배수구막힘,False,False,False,False,False,False,False,0
해남,drain,/regions/jeonnam/haenam/drain/,변기막힘,False,False,False,False,False,False,False,0
해남,drain,/regions/jeonnam/haenam/drain/,화장실막힘,False,False,False,False,False,False,False,0
해남,drain,/regions/jeonnam/haenam/drain/,맨홀역류,False,False,False,False,False,False,False,0
해남,drain,/regions/jeonnam/haenam/drain/,오수관막힘,False,False,False,False,False,False,False,0
해남,drain,/regions/jeonnam/haenam/drain/,하수관막힘,False,False,False,False,False,False,False,0
해남,drain,/regions/jeonnam/haenam/drain/,배관청소,False,False,False,False,False,False,False,0
해남,drain,/regions/jeonnam/haenam/drain/,고압세척,False,False,False,False,False,False,False,0
해남,drain,/regions/jeonnam/haenam/drain/,하수구뚫음,False,False,False,False,False,False,False,0
함평,drain,/regions/jeonnam/hampyeong/drain/,하수구막힘,True,True,True,True,True,False,False,5
함평,drain,/regions/jeonnam/hampyeong/drain/,싱크대막힘,False,False,False,False,False,False,False,0
함평,drain,/regions/jeonnam/hampyeong/drain/,배수구막힘,False,False,False,False,False,False,False,0
함평,drain,/regions/jeonnam/hampyeong/drain/,변기막힘,False,False,False,False,False,False,False,0
함평,drain,/regions/jeonnam/hampyeong/drain/,화장실막힘,False,False,False,False,False,False,False,0
함평,drain,/regions/jeonnam/hampyeong/drain/,맨홀역류,False,False,False,False,False,False,False,0
함평,drain,/regions/jeonnam/hampyeong/drain/,오수관막힘,False,False,False,False,False,False,False,0
함평,drain,/regions/jeonnam/hampyeong/drain/,하수관막힘,False,False,False,False,False,False,False,0
함평,drain,/regions/jeonnam/hampyeong/drain/,배관청소,False,False,False,False,False,False,False,0
함평,drain,/regions/jeonnam/hampyeong/drain/,고압세척,False,False,False,False,False,False,False,0
함평,drain,/regions/jeonnam/hampyeong/drain/,하수구뚫음,False,False,False,False,False,False,False,0
함평,leak,/regions/jeonnam/hampyeong/leak/,누수탐지,True,False,True,False,True,False,False,3
함평,leak,/regions/jeonnam/hampyeong/leak/,누수탐사,False,False,False,False,False,False,False,0
함평,leak,/regions/jeonnam/hampyeong/leak/,누수업체,False,False,False,False,False,False,False,0
함평,leak,/regions/jeonnam/hampyeong/leak/,수도배관누수,False,False,False,False,False,False,False,0
함평,leak,/regions/jeonnam/hampyeong/leak/,온수배관누수,False,False,False,False,False,False,False,0
함평,leak,/regions/jeonnam/hampyeong/leak/,난방배관누수,False,False,False,False,False,False,False,0
함평,leak,/regions/jeonnam/hampyeong/leak/,보일러누수,False,False,False,False,False,False,False,0
함평,leak,/regions/jeonnam/hampyeong/leak/,아파트누수,False,False,False,False,False,False,False,0
함평,leak,/regions/jeonnam/hampyeong/leak/,천장누수,False,False,False,False,False,False,False,0
함평,leak,/regions/jeonnam/hampyeong/leak/,화장실누수,False,False,False,False,False,False,False,0
함평,leak,/regions/jeonnam/hampyeong/leak/,누수공사,False,False,False,False,False,False,False,0
함평,leak,/regions/jeonnam/hampyeong/leak/,누수수리,False,False,False,False,False,False,False,0
화순,drain,/regions/jeonnam/hwasun/drain/,하수구막힘,True,True,True,True,True,True,True,7
화순,drain,/regions/jeonnam/hwasun/drain/,싱크대막힘,False,False,False,False,False,False,False,0
화순,drain,/regions/jeonnam/hwasun/drain/,배수구막힘,False,False,False,False,False,False,False,0
화순,drain,/regions/jeonnam/hwasun/drain/,변기막힘,False,False,False,False,False,False,False,0
화순,drain,/regions/jeonnam/hwasun/drain/,화장실막힘,False,False,False,False,False,False,False,0
화순,drain,/regions/jeonnam/hwasun/drain/,맨홀역류,False,False,False,False,False,False,False,0
화순,drain,/regions/jeonnam/hwasun/drain/,오수관막힘,False,False,False,False,False,False,False,0
화순,drain,/regions/jeonnam/hwasun/drain/,하수관막힘,False,False,False,False,False,False,False,0
화순,drain,/regions/jeonnam/hwasun/drain/,배관청소,False,False,False,False,False,False,False,0
화순,drain,/regions/jeonnam/hwasun/drain/,고압세척,False,False,False,False,False,False,False,0
화순,drain,/regions/jeonnam/hwasun/drain/,하수구뚫음,False,False,False,False,True,False,True,2
화순,leak,/regions/jeonnam/hwasun/leak/,누수탐지,True,False,True,True,True,False,False,4
화순,leak,/regions/jeonnam/hwasun/leak/,누수탐사,False,False,False,False,False,False,False,0
화순,leak,/regions/jeonnam/hwasun/leak/,누수업체,False,False,False,False,False,False,False,0
화순,leak,/regions/jeonnam/hwasun/leak/,수도배관누수,False,False,False,False,False,False,False,0
화순,leak,/regions/jeonnam/hwasun/leak/,온수배관누수,False,False,False,False,False,False,False,0
화순,leak,/regions/jeonnam/hwasun/leak/,난방배관누수,False,False,False,False,False,False,False,0
화순,leak,/regions/jeonnam/hwasun/leak/,보일러누수,False,False,False,False,False,False,False,0
화순,leak,/regions/jeonnam/hwasun/leak/,아파트누수,False,False,False,False,False,False,False,0
화순,leak,/regions/jeonnam/hwasun/leak/,천장누수,False,False,False,False,False,False,False,0
화순,leak,/regions/jeonnam/hwasun/leak/,화장실누수,False,False,False,False,False,False,False,0
화순,leak,/regions/jeonnam/hwasun/leak/,누수공사,False,False,False,False,False,False,False,0
화순,leak,/regions/jeonnam/hwasun/leak/,누수수리,False,False,False,False,False,False,False,0
장흥,drain,/regions/jeonnam/jangheung/drain/,하수구막힘,True,True,True,True,True,False,True,6
장흥,drain,/regions/jeonnam/jangheung/drain/,싱크대막힘,False,False,False,False,False,False,False,0
장흥,drain,/regions/jeonnam/jangheung/drain/,배수구막힘,False,False,False,False,False,False,False,0
장흥,drain,/regions/jeonnam/jangheung/drain/,변기막힘,False,False,False,False,False,False,False,0
장흥,drain,/regions/jeonnam/jangheung/drain/,화장실막힘,False,False,False,False,False,False,False,0
장흥,drain,/regions/jeonnam/jangheung/drain/,맨홀역류,False,False,False,False,False,False,False,0
장흥,drain,/regions/jeonnam/jangheung/drain/,오수관막힘,False,False,False,False,False,False,False,0
장흥,drain,/regions/jeonnam/jangheung/drain/,하수관막힘,False,False,False,False,False,False,False,0
장흥,drain,/regions/jeonnam/jangheung/drain/,배관청소,False,False,False,False,False,False,False,0
장흥,drain,/regions/jeonnam/jangheung/drain/,고압세척,False,False,False,False,False,False,False,0
장흥,drain,/regions/jeonnam/jangheung/drain/,하수구뚫음,False,False,False,False,False,False,False,0
장성,drain,/regions/jeonnam/jangseong/drain/,하수구막힘,True,True,True,True,True,False,False,5
장성,drain,/regions/jeonnam/jangseong/drain/,싱크대막힘,False,False,False,False,False,False,False,0
장성,drain,/regions/jeonnam/jangseong/drain/,배수구막힘,False,False,False,False,True,False,True,2
장성,drain,/regions/jeonnam/jangseong/drain/,변기막힘,False,False,False,False,False,False,False,0
장성,drain,/regions/jeonnam/jangseong/drain/,화장실막힘,False,False,False,False,False,False,False,0
장성,drain,/regions/jeonnam/jangseong/drain/,맨홀역류,False,False,False,False,False,False,False,0
장성,drain,/regions/jeonnam/jangseong/drain/,오수관막힘,False,False,False,False,False,False,False,0
장성,drain,/regions/jeonnam/jangseong/drain/,하수관막힘,False,False,False,False,False,False,False,0
장성,drain,/regions/jeonnam/jangseong/drain/,배관청소,False,False,False,False,False,False,False,0
장성,drain,/regions/jeonnam/jangseong/drain/,고압세척,False,False,False,False,False,False,False,0
장성,drain,/regions/jeonnam/jangseong/drain/,하수구뚫음,False,False,False,False,False,False,False,0
장성,leak,/regions/jeonnam/jangseong/leak/,누수탐지,True,False,True,True,True,True,True,6
장성,leak,/regions/jeonnam/jangseong/leak/,누수탐사,False,False,False,False,False,False,False,0
장성,leak,/regions/jeonnam/jangseong/leak/,누수업체,False,False,False,False,False,False,False,0
장성,leak,/regions/jeonnam/jangseong/leak/,수도배관누수,False,False,False,False,False,False,False,0
장성,leak,/regions/jeonnam/jangseong/leak/,온수배관누수,False,False,False,False,False,False,False,0
장성,leak,/regions/jeonnam/jangseong/leak/,난방배관누수,False,False,False,False,False,False,False,0
장성,leak,/regions/jeonnam/jangseong/leak/,보일러누수,False,False,False,False,False,False,False,0
장성,leak,/regions/jeonnam/jangseong/leak/,아파트누수,False,False,False,False,False,False,False,0
장성,leak,/regions/jeonnam/jangseong/leak/,천장누수,False,False,False,False,False,False,False,0
장성,leak,/regions/jeonnam/jangseong/leak/,화장실누수,False,False,False,False,False,False,False,0
장성,leak,/regions/jeonnam/jangseong/leak/,누수공사,False,False,False,False,False,False,False,0
장성,leak,/regions/jeonnam/jangseong/leak/,누수수리,False,False,False,False,False,False,False,0
진도,drain,/regions/jeonnam/jindo/drain/,하수구막힘,True,True,True,True,True,False,False,5
진도,drain,/regions/jeonnam/jindo/drain/,싱크대막힘,False,False,False,False,False,False,False,0
진도,drain,/regions/jeonnam/jindo/drain/,배수구막힘,False,False,False,False,False,False,False,0
진도,drain,/regions/jeonnam/jindo/drain/,변기막힘,False,False,False,False,False,False,False,0
진도,drain,/regions/jeonnam/jindo/drain/,화장실막힘,False,False,False,False,False,False,False,0
진도,drain,/regions/jeonnam/jindo/drain/,맨홀역류,False,False,False,False,False,False,False,0
진도,drain,/regions/jeonnam/jindo/drain/,오수관막힘,False,False,False,False,False,False,False,0
진도,drain,/regions/jeonnam/jindo/drain/,하수관막힘,False,False,False,False,False,False,False,0
진도,drain,/regions/jeonnam/jindo/drain/,배관청소,False,False,False,False,False,False,False,0
진도,drain,/regions/jeonnam/jindo/drain/,고압세척,False,False,False,False,False,False,False,0
진도,drain,/regions/jeonnam/jindo/drain/,하수구뚫음,False,False,False,False,False,False,False,0
목포,drain,/regions/jeonnam/mokpo/drain/,하수구막힘,True,True,True,True,True,False,True,6
목포,drain,/regions/jeonnam/mokpo/drain/,싱크대막힘,False,False,False,False,False,False,False,0
목포,drain,/regions/jeonnam/mokpo/drain/,배수구막힘,False,False,False,True,True,False,True,3
목포,drain,/regions/jeonnam/mokpo/drain/,변기막힘,False,False,False,False,False,False,False,0
목포,drain,/regions/jeonnam/mokpo/drain/,화장실막힘,False,False,False,False,False,False,False,0
목포,drain,/regions/jeonnam/mokpo/drain/,맨홀역류,False,False,False,False,False,False,False,0
목포,drain,/regions/jeonnam/mokpo/drain/,오수관막힘,False,False,False,False,False,False,False,0
목포,drain,/regions/jeonnam/mokpo/drain/,하수관막힘,False,False,False,False,False,False,False,0
목포,drain,/regions/jeonnam/mokpo/drain/,배관청소,False,False,False,False,False,False,False,0
목포,drain,/regions/jeonnam/mokpo/drain/,고압세척,False,False,False,False,False,False,False,0
목포,drain,/regions/jeonnam/mokpo/drain/,하수구뚫음,False,False,False,False,False,False,False,0
무안,drain,/regions/jeonnam/muan/drain/,하수구막힘,True,True,True,True,True,False,True,6
무안,drain,/regions/jeonnam/muan/drain/,싱크대막힘,False,False,False,False,False,False,False,0
무안,drain,/regions/jeonnam/muan/drain/,배수구막힘,False,False,False,False,False,False,False,0
무안,drain,/regions/jeonnam/muan/drain/,변기막힘,False,False,False,False,False,False,False,0
무안,drain,/regions/jeonnam/muan/drain/,화장실막힘,False,False,False,False,False,False,False,0
무안,drain,/regions/jeonnam/muan/drain/,맨홀역류,False,False,False,False,False,False,False,0
무안,drain,/regions/jeonnam/muan/drain/,오수관막힘,False,False,False,False,False,False,False,0
무안,drain,/regions/jeonnam/muan/drain/,하수관막힘,False,False,False,False,False,False,False,0
무안,drain,/regions/jeonnam/muan/drain/,배관청소,False,False,False,False,False,False,False,0
무안,drain,/regions/jeonnam/muan/drain/,고압세척,False,False,False,False,False,False,False,0
무안,drain,/regions/jeonnam/muan/drain/,하수구뚫음,False,False,False,False,False,False,False,0
무안,leak,/regions/jeonnam/muan/leak/,누수탐지,True,False,True,False,True,True,True,5
무안,leak,/regions/jeonnam/muan/leak/,누수탐사,False,False,False,False,False,False,False,0
무안,leak,/regions/jeonnam/muan/leak/,누수업체,False,False,False,False,False,False,False,0
무안,leak,/regions/jeonnam/muan/leak/,수도배관누수,False,False,False,False,False,False,False,0
무안,leak,/regions/jeonnam/muan/leak/,온수배관누수,False,False,False,False,False,False,False,0
무안,leak,/regions/jeonnam/muan/leak/,난방배관누수,False,False,False,False,False,False,False,0
무안,leak,/regions/jeonnam/muan/leak/,보일러누수,False,False,False,False,False,False,False,0
무안,leak,/regions/jeonnam/muan/leak/,아파트누수,False,False,False,False,False,False,False,0
무안,leak,/regions/jeonnam/muan/leak/,천장누수,False,False,False,False,False,False,False,0
무안,leak,/regions/jeonnam/muan/leak/,화장실누수,False,False,False,False,False,False,False,0
무안,leak,/regions/jeonnam/muan/leak/,누수공사,False,False,False,False,False,False,False,0
무안,leak,/regions/jeonnam/muan/leak/,누수수리,False,False,False,False,False,False,False,0
나주,drain,/regions/jeonnam/naju/drain/,하수구막힘,True,True,True,True,True,True,True,7
나주,drain,/regions/jeonnam/naju/drain/,싱크대막힘,False,False,False,False,False,False,False,0
나주,drain,/regions/jeonnam/naju/drain/,배수구막힘,False,False,False,False,True,False,True,2
나주,drain,/regions/jeonnam/naju/drain/,변기막힘,False,False,False,False,False,False,False,0
나주,drain,/regions/jeonnam/naju/drain/,화장실막힘,False,False,False,False,False,False,False,0
나주,drain,/regions/jeonnam/naju/drain/,맨홀역류,False,False,False,False,False,False,False,0
나주,drain,/regions/jeonnam/naju/drain/,오수관막힘,False,False,False,False,False,False,False,0
나주,drain,/regions/jeonnam/naju/drain/,하수관막힘,False,False,False,False,False,False,False,0
나주,drain,/regions/jeonnam/naju/drain/,배관청소,False,False,False,False,False,False,False,0
나주,drain,/regions/jeonnam/naju/drain/,고압세척,False,False,False,False,False,False,False,0
나주,drain,/regions/jeonnam/naju/drain/,하수구뚫음,False,False,False,False,False,False,False,0
나주,leak,/regions/jeonnam/naju/leak/,누수탐지,True,False,True,True,True,True,True,6
나주,leak,/regions/jeonnam/naju/leak/,누수탐사,False,False,False,False,False,False,False,0
나주,leak,/regions/jeonnam/naju/leak/,누수업체,False,False,False,False,False,False,False,0
나주,leak,/regions/jeonnam/naju/leak/,수도배관누수,False,False,False,False,False,False,False,0
나주,leak,/regions/jeonnam/naju/leak/,온수배관누수,False,False,False,False,False,False,False,0
나주,leak,/regions/jeonnam/naju/leak/,난방배관누수,False,False,False,False,False,False,False,0
나주,leak,/regions/jeonnam/naju/leak/,보일러누수,False,False,False,False,False,False,False,0
나주,leak,/regions/jeonnam/naju/leak/,아파트누수,False,False,False,False,False,False,False,0
나주,leak,/regions/jeonnam/naju/leak/,천장누수,False,False,False,False,False,False,False,0
나주,leak,/regions/jeonnam/naju/leak/,화장실누수,False,False,False,False,False,False,False,0
나주,leak,/regions/jeonnam/naju/leak/,누수공사,False,False,False,False,False,False,False,0
나주,leak,/regions/jeonnam/naju/leak/,누수수리,False,False,False,False,False,False,False,0
신안,drain,/regions/jeonnam/sinan/drain/,하수구막힘,True,True,True,True,True,False,False,5
신안,drain,/regions/jeonnam/sinan/drain/,싱크대막힘,False,False,False,False,False,False,False,0
신안,drain,/regions/jeonnam/sinan/drain/,배수구막힘,False,False,False,False,False,False,False,0
신안,drain,/regions/jeonnam/sinan/drain/,변기막힘,False,False,False,False,False,False,False,0
신안,drain,/regions/jeonnam/sinan/drain/,화장실막힘,False,False,False,False,False,False,False,0
신안,drain,/regions/jeonnam/sinan/drain/,맨홀역류,False,False,False,False,False,False,False,0
신안,drain,/regions/jeonnam/sinan/drain/,오수관막힘,False,False,False,False,False,False,False,0
신안,drain,/regions/jeonnam/sinan/drain/,하수관막힘,False,False,False,False,False,False,False,0
신안,drain,/regions/jeonnam/sinan/drain/,배관청소,False,False,False,False,False,False,False,0
신안,drain,/regions/jeonnam/sinan/drain/,고압세척,False,False,False,False,False,False,False,0
신안,drain,/regions/jeonnam/sinan/drain/,하수구뚫음,False,False,False,False,False,False,False,0
순천,drain,/regions/jeonnam/suncheon/drain/,하수구막힘,True,True,True,True,True,False,True,6
순천,drain,/regions/jeonnam/suncheon/drain/,싱크대막힘,False,False,False,False,True,False,True,2
순천,drain,/regions/jeonnam/suncheon/drain/,배수구막힘,False,False,False,False,True,False,True,2
순천,drain,/regions/jeonnam/suncheon/drain/,변기막힘,False,False,False,False,False,False,False,0
순천,drain,/regions/jeonnam/suncheon/drain/,화장실막힘,False,False,False,False,False,False,False,0
순천,drain,/regions/jeonnam/suncheon/drain/,맨홀역류,False,False,False,False,False,False,False,0
순천,drain,/regions/jeonnam/suncheon/drain/,오수관막힘,False,False,False,False,False,False,False,0
순천,drain,/regions/jeonnam/suncheon/drain/,하수관막힘,False,False,False,False,False,False,False,0
순천,drain,/regions/jeonnam/suncheon/drain/,배관청소,False,False,False,False,False,False,False,0
순천,drain,/regions/jeonnam/suncheon/drain/,고압세척,False,False,False,False,False,False,False,0
순천,drain,/regions/jeonnam/suncheon/drain/,하수구뚫음,False,False,False,False,False,False,False,0
완도,drain,/regions/jeonnam/wando/drain/,하수구막힘,True,True,True,True,True,False,False,5
완도,drain,/regions/jeonnam/wando/drain/,싱크대막힘,False,False,False,False,False,False,False,0
완도,drain,/regions/jeonnam/wando/drain/,배수구막힘,False,False,False,False,False,False,False,0
완도,drain,/regions/jeonnam/wando/drain/,변기막힘,False,False,False,False,False,False,False,0
완도,drain,/regions/jeonnam/wando/drain/,화장실막힘,False,False,False,False,False,False,False,0
완도,drain,/regions/jeonnam/wando/drain/,맨홀역류,False,False,False,False,False,False,False,0
완도,drain,/regions/jeonnam/wando/drain/,오수관막힘,False,False,False,False,False,False,False,0
완도,drain,/regions/jeonnam/wando/drain/,하수관막힘,False,False,False,False,False,False,False,0
완도,drain,/regions/jeonnam/wando/drain/,배관청소,False,False,False,False,False,False,False,0
완도,drain,/regions/jeonnam/wando/drain/,고압세척,False,False,False,False,False,False,False,0
완도,drain,/regions/jeonnam/wando/drain/,하수구뚫음,False,False,False,False,False,False,False,0
영암,drain,/regions/jeonnam/yeongam/drain/,하수구막힘,True,True,True,True,True,False,False,5
영암,drain,/regions/jeonnam/yeongam/drain/,싱크대막힘,False,False,False,False,False,False,False,0
영암,drain,/regions/jeonnam/yeongam/drain/,배수구막힘,False,False,False,False,False,False,False,0
영암,drain,/regions/jeonnam/yeongam/drain/,변기막힘,False,False,False,False,False,False,False,0
영암,drain,/regions/jeonnam/yeongam/drain/,화장실막힘,False,False,False,False,False,False,False,0
영암,drain,/regions/jeonnam/yeongam/drain/,맨홀역류,False,False,False,False,False,False,False,0
영암,drain,/regions/jeonnam/yeongam/drain/,오수관막힘,False,False,False,False,False,False,False,0
영암,drain,/regions/jeonnam/yeongam/drain/,하수관막힘,False,False,False,False,False,False,False,0
영암,drain,/regions/jeonnam/yeongam/drain/,배관청소,False,False,False,False,False,False,False,0
영암,drain,/regions/jeonnam/yeongam/drain/,고압세척,False,False,False,False,False,False,False,0
영암,drain,/regions/jeonnam/yeongam/drain/,하수구뚫음,False,False,False,False,False,False,False,0
영암,leak,/regions/jeonnam/yeongam/leak/,누수탐지,True,False,True,False,True,False,False,3
영암,leak,/regions/jeonnam/yeongam/leak/,누수탐사,False,False,False,False,False,False,False,0
영암,leak,/regions/jeonnam/yeongam/leak/,누수업체,False,False,False,False,False,False,False,0
영암,leak,/regions/jeonnam/yeongam/leak/,수도배관누수,False,False,False,False,False,False,False,0
영암,leak,/regions/jeonnam/yeongam/leak/,온수배관누수,False,False,False,False,False,False,False,0
영암,leak,/regions/jeonnam/yeongam/leak/,난방배관누수,False,False,False,False,False,False,False,0
영암,leak,/regions/jeonnam/yeongam/leak/,보일러누수,False,False,False,False,False,False,False,0
영암,leak,/regions/jeonnam/yeongam/leak/,아파트누수,False,False,False,False,False,False,False,0
영암,leak,/regions/jeonnam/yeongam/leak/,천장누수,False,False,False,False,False,False,False,0
영암,leak,/regions/jeonnam/yeongam/leak/,화장실누수,False,False,False,False,False,False,False,0
영암,leak,/regions/jeonnam/yeongam/leak/,누수공사,False,False,False,False,False,False,False,0
영암,leak,/regions/jeonnam/yeongam/leak/,누수수리,False,False,False,False,False,False,False,0
영광,drain,/regions/jeonnam/yeonggwang/drain/,하수구막힘,True,True,True,True,True,False,False,5
영광,drain,/regions/jeonnam/yeonggwang/drain/,싱크대막힘,False,False,False,False,False,False,False,0
영광,drain,/regions/jeonnam/yeonggwang/drain/,배수구막힘,False,False,False,False,False,False,False,0
영광,drain,/regions/jeonnam/yeonggwang/drain/,변기막힘,False,False,False,False,True,False,True,2
영광,drain,/regions/jeonnam/yeonggwang/drain/,화장실막힘,False,False,False,False,False,False,False,0
영광,drain,/regions/jeonnam/yeonggwang/drain/,맨홀역류,False,False,False,False,False,False,False,0
영광,drain,/regions/jeonnam/yeonggwang/drain/,오수관막힘,False,False,False,False,False,False,False,0
영광,drain,/regions/jeonnam/yeonggwang/drain/,하수관막힘,False,False,False,False,False,False,False,0
영광,drain,/regions/jeonnam/yeonggwang/drain/,배관청소,False,False,False,False,False,False,False,0
영광,drain,/regions/jeonnam/yeonggwang/drain/,고압세척,False,False,False,False,False,False,False,0
영광,drain,/regions/jeonnam/yeonggwang/drain/,하수구뚫음,False,False,False,False,False,False,False,0
영광,leak,/regions/jeonnam/yeonggwang/leak/,누수탐지,True,False,True,False,True,True,True,5
영광,leak,/regions/jeonnam/yeonggwang/leak/,누수탐사,False,False,False,False,False,False,False,0
영광,leak,/regions/jeonnam/yeonggwang/leak/,누수업체,False,False,False,False,False,False,False,0
영광,leak,/regions/jeonnam/yeonggwang/leak/,수도배관누수,False,False,False,False,False,False,False,0
영광,leak,/regions/jeonnam/yeonggwang/leak/,온수배관누수,False,False,False,False,False,False,False,0
영광,leak,/regions/jeonnam/yeonggwang/leak/,난방배관누수,False,False,False,False,False,False,False,0
영광,leak,/regions/jeonnam/yeonggwang/leak/,보일러누수,False,False,False,False,False,False,False,0
영광,leak,/regions/jeonnam/yeonggwang/leak/,아파트누수,False,False,False,False,False,False,False,0
영광,leak,/regions/jeonnam/yeonggwang/leak/,천장누수,False,False,False,False,False,False,False,0
영광,leak,/regions/jeonnam/yeonggwang/leak/,화장실누수,False,False,False,False,False,False,False,0
영광,leak,/regions/jeonnam/yeonggwang/leak/,누수공사,False,False,False,False,False,False,False,0
영광,leak,/regions/jeonnam/yeonggwang/leak/,누수수리,False,False,False,False,False,False,False,0
여수,drain,/regions/jeonnam/yeosu/drain/,하수구막힘,True,True,True,True,True,False,True,6
여수,drain,/regions/jeonnam/yeosu/drain/,싱크대막힘,False,False,False,False,False,False,False,0
여수,drain,/regions/jeonnam/yeosu/drain/,배수구막힘,False,False,False,False,False,False,False,0
여수,drain,/regions/jeonnam/yeosu/drain/,변기막힘,False,False,False,False,False,False,False,0
여수,drain,/regions/jeonnam/yeosu/drain/,화장실막힘,False,False,False,False,False,False,False,0
여수,drain,/regions/jeonnam/yeosu/drain/,맨홀역류,False,False,False,False,False,False,False,0
여수,drain,/regions/jeonnam/yeosu/drain/,오수관막힘,False,False,False,False,False,False,False,0
여수,drain,/regions/jeonnam/yeosu/drain/,하수관막힘,False,False,False,False,False,False,False,0
여수,drain,/regions/jeonnam/yeosu/drain/,배관청소,False,False,False,False,False,False,False,0
여수,drain,/regions/jeonnam/yeosu/drain/,고압세척,False,False,False,False,False,False,False,0
여수,drain,/regions/jeonnam/yeosu/drain/,하수구뚫음,False,False,False,False,False,False,False,0
