slot_id,page,original_src,fallback_alt,fallback_caption
"cases--gwangju-namgu-drain-cleaning-01","cases/gwangju-namgu-drain-cleaning/index.html","/assets/cases/gwangju-namgu-drain-cleaning/01.webp","광주 남구 하수구 시공 현장 작업 과정 1","광주 남구 하수구 시공 현장 작업 과정 1"
"cases--gwangju-namgu-drain-cleaning-02","cases/gwangju-namgu-drain-cleaning/index.html","/assets/cases/gwangju-namgu-drain-cleaning/02.webp","광주 남구 하수구 시공 현장 작업 과정 2","광주 남구 하수구 시공 현장 작업 과정 2"
"cases--gwangju-namgu-drain-cleaning-03","cases/gwangju-namgu-drain-cleaning/index.html","/assets/cases/gwangju-namgu-drain-cleaning/03.webp","광주 남구 하수구 시공 현장 작업 과정 3","광주 남구 하수구 시공 현장 작업 과정 3"
"cases--gwangju-namgu-drain-cleaning-04","cases/gwangju-namgu-drain-cleaning/index.html","/assets/cases/gwangju-namgu-drain-cleaning/04.webp","광주 남구 하수구 시공 현장 작업 과정 4","광주 남구 하수구 시공 현장 작업 과정 4"
"cases--gwangju-namgu-drain-cleaning-05","cases/gwangju-namgu-drain-cleaning/index.html","/assets/cases/gwangju-namgu-drain-cleaning/05.webp","광주 남구 하수구 시공 현장 작업 과정 5","광주 남구 하수구 시공 현장 작업 과정 5"
"cases--gwangju-namgu-drain-cleaning-06","cases/gwangju-namgu-drain-cleaning/index.html","/assets/cases/gwangju-namgu-drain-cleaning/06.webp","광주 남구 하수구 시공 현장 작업 과정 6","광주 남구 하수구 시공 현장 작업 과정 6"
"cases--gwangju-namgu-drain-cleaning-07","cases/gwangju-namgu-drain-cleaning/index.html","/assets/cases/gwangju-namgu-drain-cleaning/07.webp","광주 남구 하수구 시공 현장 작업 과정 7","광주 남구 하수구 시공 현장 작업 과정 7"
"cases--gwangju-namgu-drain-cleaning-08","cases/gwangju-namgu-drain-cleaning/index.html","/assets/cases/gwangju-namgu-drain-cleaning/08.webp","광주 남구 하수구 시공 현장 작업 과정 8","광주 남구 하수구 시공 현장 작업 과정 8"
"cases--gwangju-namgu-drain-cleaning-09","cases/gwangju-namgu-drain-cleaning/index.html","/assets/cases/gwangju-namgu-drain-cleaning/09.webp","광주 남구 하수구 시공 현장 작업 과정 9","광주 남구 하수구 시공 현장 작업 과정 9"
"cases--gwangju-namgu-drain-cleaning-10","cases/gwangju-namgu-drain-cleaning/index.html","/assets/cases/gwangju-namgu-drain-cleaning/10.webp","광주 남구 하수구 시공 현장 작업 과정 10","광주 남구 하수구 시공 현장 작업 과정 10"
"cases--gwangju-namgu-drain-cleaning-11","cases/gwangju-namgu-drain-cleaning/index.html","/assets/cases/gwangju-namgu-drain-cleaning/11.webp","광주 남구 하수구 시공 현장 작업 과정 11","광주 남구 하수구 시공 현장 작업 과정 11"
"cases--gwangju-namgu-drain-cleaning-12","cases/gwangju-namgu-drain-cleaning/index.html","/assets/cases/gwangju-namgu-drain-cleaning/12.webp","광주 남구 하수구 시공 현장 작업 과정 12","광주 남구 하수구 시공 현장 작업 과정 12"
"cases--boseong-drain-blockage-01","cases/boseong-drain-blockage/index.html","/assets/cases/boseong-drain-blockage/01.webp","보성 하수구막힘 현장 작업 과정 1","보성 하수구막힘 현장 작업 과정 1"
"cases--boseong-drain-blockage-02","cases/boseong-drain-blockage/index.html","/assets/cases/boseong-drain-blockage/02.webp","보성 하수구막힘 현장 작업 과정 2","보성 하수구막힘 현장 작업 과정 2"
"cases--boseong-drain-blockage-03","cases/boseong-drain-blockage/index.html","/assets/cases/boseong-drain-blockage/03.webp","보성 하수구막힘 현장 작업 과정 3","보성 하수구막힘 현장 작업 과정 3"
"cases--boseong-drain-blockage-04","cases/boseong-drain-blockage/index.html","/assets/cases/boseong-drain-blockage/04.webp","보성 하수구막힘 현장 작업 과정 4","보성 하수구막힘 현장 작업 과정 4"
"cases--boseong-drain-blockage-05","cases/boseong-drain-blockage/index.html","/assets/cases/boseong-drain-blockage/05.webp","보성 하수구막힘 현장 작업 과정 5","보성 하수구막힘 현장 작업 과정 5"
"cases--boseong-drain-blockage-06","cases/boseong-drain-blockage/index.html","/assets/cases/boseong-drain-blockage/06.webp","보성 하수구막힘 현장 작업 과정 6","보성 하수구막힘 현장 작업 과정 6"
"cases--boseong-drain-blockage-07","cases/boseong-drain-blockage/index.html","/assets/cases/boseong-drain-blockage/07.webp","보성 하수구막힘 현장 작업 과정 7","보성 하수구막힘 현장 작업 과정 7"
"cases--boseong-drain-blockage-08","cases/boseong-drain-blockage/index.html","/assets/cases/boseong-drain-blockage/08.webp","보성 하수구막힘 현장 작업 과정 8","보성 하수구막힘 현장 작업 과정 8"
"cases--sunchang-damyang-drain-cleaning-01","cases/sunchang-damyang-drain-cleaning/index.html","/assets/cases/sunchang-damyang-drain-cleaning/01.webp","순창·담양 하수구 시공 현장 작업 과정 1","순창·담양 하수구 시공 현장 작업 과정 1"
"cases--sunchang-damyang-drain-cleaning-02","cases/sunchang-damyang-drain-cleaning/index.html","/assets/cases/sunchang-damyang-drain-cleaning/02.webp","순창·담양 하수구 시공 현장 작업 과정 2","순창·담양 하수구 시공 현장 작업 과정 2"
"cases--sunchang-damyang-drain-cleaning-03","cases/sunchang-damyang-drain-cleaning/index.html","/assets/cases/sunchang-damyang-drain-cleaning/03.webp","순창·담양 하수구 시공 현장 작업 과정 3","순창·담양 하수구 시공 현장 작업 과정 3"
"cases--sunchang-damyang-drain-cleaning-04","cases/sunchang-damyang-drain-cleaning/index.html","/assets/cases/sunchang-damyang-drain-cleaning/04.webp","순창·담양 하수구 시공 현장 작업 과정 4","순창·담양 하수구 시공 현장 작업 과정 4"
"cases--sunchang-damyang-drain-cleaning-05","cases/sunchang-damyang-drain-cleaning/index.html","/assets/cases/sunchang-damyang-drain-cleaning/05.webp","순창·담양 하수구 시공 현장 작업 과정 5","순창·담양 하수구 시공 현장 작업 과정 5"
"cases--sunchang-damyang-drain-cleaning-06","cases/sunchang-damyang-drain-cleaning/index.html","/assets/cases/sunchang-damyang-drain-cleaning/06.webp","순창·담양 하수구 시공 현장 작업 과정 6","순창·담양 하수구 시공 현장 작업 과정 6"
"cases--sunchang-damyang-drain-cleaning-07","cases/sunchang-damyang-drain-cleaning/index.html","/assets/cases/sunchang-damyang-drain-cleaning/07.webp","순창·담양 하수구 시공 현장 작업 과정 7","순창·담양 하수구 시공 현장 작업 과정 7"
"cases--sunchang-damyang-drain-cleaning-08","cases/sunchang-damyang-drain-cleaning/index.html","/assets/cases/sunchang-damyang-drain-cleaning/08.webp","순창·담양 하수구 시공 현장 작업 과정 8","순창·담양 하수구 시공 현장 작업 과정 8"
"cases--sunchang-damyang-drain-cleaning-09","cases/sunchang-damyang-drain-cleaning/index.html","/assets/cases/sunchang-damyang-drain-cleaning/09.webp","순창·담양 하수구 시공 현장 작업 과정 9","순창·담양 하수구 시공 현장 작업 과정 9"
"cases--sunchang-damyang-drain-cleaning-10","cases/sunchang-damyang-drain-cleaning/index.html","/assets/cases/sunchang-damyang-drain-cleaning/10.webp","순창·담양 하수구 시공 현장 작업 과정 10","순창·담양 하수구 시공 현장 작업 과정 10"
"cases--sunchang-damyang-drain-cleaning-11","cases/sunchang-damyang-drain-cleaning/index.html","/assets/cases/sunchang-damyang-drain-cleaning/11.webp","순창·담양 하수구 시공 현장 작업 과정 11","순창·담양 하수구 시공 현장 작업 과정 11"
"cases--sunchang-damyang-drain-cleaning-12","cases/sunchang-damyang-drain-cleaning/index.html","/assets/cases/sunchang-damyang-drain-cleaning/12.webp","순창·담양 하수구 시공 현장 작업 과정 12","순창·담양 하수구 시공 현장 작업 과정 12"
"cases--gwangju-gwangsangu-drain-blockage-01","cases/gwangju-gwangsangu-drain-blockage/index.html","/assets/cases/gwangju-gwangsangu-drain-blockage/01.webp","광주 광산구 하수구막힘 현장 작업 과정 1","광주 광산구 하수구막힘 현장 작업 과정 1"
"cases--gwangju-gwangsangu-drain-blockage-02","cases/gwangju-gwangsangu-drain-blockage/index.html","/assets/cases/gwangju-gwangsangu-drain-blockage/02.webp","광주 광산구 하수구막힘 현장 작업 과정 2","광주 광산구 하수구막힘 현장 작업 과정 2"
"cases--gwangju-gwangsangu-drain-blockage-03","cases/gwangju-gwangsangu-drain-blockage/index.html","/assets/cases/gwangju-gwangsangu-drain-blockage/03.webp","광주 광산구 하수구막힘 현장 작업 과정 3","광주 광산구 하수구막힘 현장 작업 과정 3"
"cases--gwangju-gwangsangu-drain-blockage-04","cases/gwangju-gwangsangu-drain-blockage/index.html","/assets/cases/gwangju-gwangsangu-drain-blockage/04.webp","광주 광산구 하수구막힘 현장 작업 과정 4","광주 광산구 하수구막힘 현장 작업 과정 4"
"cases--gwangju-gwangsangu-drain-blockage-05","cases/gwangju-gwangsangu-drain-blockage/index.html","/assets/cases/gwangju-gwangsangu-drain-blockage/05.webp","광주 광산구 하수구막힘 현장 작업 과정 5","광주 광산구 하수구막힘 현장 작업 과정 5"
"cases--gwangju-gwangsangu-drain-blockage-06","cases/gwangju-gwangsangu-drain-blockage/index.html","/assets/cases/gwangju-gwangsangu-drain-blockage/06.webp","광주 광산구 하수구막힘 현장 작업 과정 6","광주 광산구 하수구막힘 현장 작업 과정 6"
"cases--gwangju-gwangsangu-drain-blockage-07","cases/gwangju-gwangsangu-drain-blockage/index.html","/assets/cases/gwangju-gwangsangu-drain-blockage/07.webp","광주 광산구 하수구막힘 현장 작업 과정 7","광주 광산구 하수구막힘 현장 작업 과정 7"
"cases--gwangju-gwangsangu-drain-blockage-08","cases/gwangju-gwangsangu-drain-blockage/index.html","/assets/cases/gwangju-gwangsangu-drain-blockage/08.webp","광주 광산구 하수구막힘 현장 작업 과정 8","광주 광산구 하수구막힘 현장 작업 과정 8"
"cases--gwangju-gwangsangu-drain-blockage-09","cases/gwangju-gwangsangu-drain-blockage/index.html","/assets/cases/gwangju-gwangsangu-drain-blockage/09.webp","광주 광산구 하수구막힘 현장 작업 과정 9","광주 광산구 하수구막힘 현장 작업 과정 9"
"cases--gwangju-gwangsangu-drain-blockage-10","cases/gwangju-gwangsangu-drain-blockage/index.html","/assets/cases/gwangju-gwangsangu-drain-blockage/10.webp","광주 광산구 하수구막힘 현장 작업 과정 10","광주 광산구 하수구막힘 현장 작업 과정 10"
"cases--mokpo-drain-blockage-3-01","cases/mokpo-drain-blockage-3/index.html","/assets/cases/mokpo-drain-blockage-3/01.webp","목포 배관 시공 현장 작업 과정 1","목포 배관 시공 현장 작업 과정 1"
"cases--mokpo-drain-blockage-3-02","cases/mokpo-drain-blockage-3/index.html","/assets/cases/mokpo-drain-blockage-3/02.webp","목포 배관 시공 현장 작업 과정 2","목포 배관 시공 현장 작업 과정 2"
"cases--mokpo-drain-blockage-3-03","cases/mokpo-drain-blockage-3/index.html","/assets/cases/mokpo-drain-blockage-3/03.webp","목포 배관 시공 현장 작업 과정 3","목포 배관 시공 현장 작업 과정 3"
"cases--mokpo-drain-blockage-3-04","cases/mokpo-drain-blockage-3/index.html","/assets/cases/mokpo-drain-blockage-3/04.webp","목포 배관 시공 현장 작업 과정 4","목포 배관 시공 현장 작업 과정 4"
"cases--mokpo-drain-blockage-3-05","cases/mokpo-drain-blockage-3/index.html","/assets/cases/mokpo-drain-blockage-3/05.webp","목포 배관 시공 현장 작업 과정 5","목포 배관 시공 현장 작업 과정 5"
"cases--mokpo-drain-blockage-3-06","cases/mokpo-drain-blockage-3/index.html","/assets/cases/mokpo-drain-blockage-3/06.webp","목포 배관 시공 현장 작업 과정 6","목포 배관 시공 현장 작업 과정 6"
"cases--mokpo-drain-blockage-3-07","cases/mokpo-drain-blockage-3/index.html","/assets/cases/mokpo-drain-blockage-3/07.webp","목포 배관 시공 현장 작업 과정 7","목포 배관 시공 현장 작업 과정 7"
"cases--mokpo-drain-blockage-3-08","cases/mokpo-drain-blockage-3/index.html","/assets/cases/mokpo-drain-blockage-3/08.webp","목포 배관 시공 현장 작업 과정 8","목포 배관 시공 현장 작업 과정 8"
"cases--mokpo-drain-blockage-3-09","cases/mokpo-drain-blockage-3/index.html","/assets/cases/mokpo-drain-blockage-3/09.webp","목포 배관 시공 현장 작업 과정 9","목포 배관 시공 현장 작업 과정 9"
"cases--mokpo-drain-blockage-3-10","cases/mokpo-drain-blockage-3/index.html","/assets/cases/mokpo-drain-blockage-3/10.webp","목포 배관 시공 현장 작업 과정 10","목포 배관 시공 현장 작업 과정 10"
"cases--mokpo-drain-blockage-3-11","cases/mokpo-drain-blockage-3/index.html","/assets/cases/mokpo-drain-blockage-3/11.webp","목포 배관 시공 현장 작업 과정 11","목포 배관 시공 현장 작업 과정 11"
"cases--mokpo-drain-blockage-3-12","cases/mokpo-drain-blockage-3/index.html","/assets/cases/mokpo-drain-blockage-3/12.webp","목포 배관 시공 현장 작업 과정 12","목포 배관 시공 현장 작업 과정 12"
"cases--gwangju-seogu-leak-detection-02","cases/gwangju-seogu-leak-detection/index.html","/assets/cases/gwangju-seogu-leak-detection/01.webp","광주서구누수탐지 실제 현장 작업 사진 1","광주 서구 누수탐지 실제 작업 과정 1"
"cases--gwangju-seogu-leak-detection-03","cases/gwangju-seogu-leak-detection/index.html","/assets/cases/gwangju-seogu-leak-detection/02.webp","광주서구누수탐지 실제 현장 작업 사진 2","광주 서구 누수탐지 실제 작업 과정 2"
"cases--gwangju-seogu-leak-detection-04","cases/gwangju-seogu-leak-detection/index.html","/assets/cases/gwangju-seogu-leak-detection/03.webp","광주서구누수탐지 실제 현장 작업 사진 3","광주 서구 누수탐지 실제 작업 과정 3"
"cases--gwangju-seogu-leak-detection-05","cases/gwangju-seogu-leak-detection/index.html","/assets/cases/gwangju-seogu-leak-detection/04.webp","광주서구누수탐지 실제 현장 작업 사진 4","광주 서구 누수탐지 실제 작업 과정 4"
"cases--gwangju-seogu-leak-detection-06","cases/gwangju-seogu-leak-detection/index.html","/assets/cases/gwangju-seogu-leak-detection/05.webp","광주서구누수탐지 실제 현장 작업 사진 5","광주 서구 누수탐지 실제 작업 과정 5"
"cases--gwangju-seogu-leak-detection-07","cases/gwangju-seogu-leak-detection/index.html","/assets/cases/gwangju-seogu-leak-detection/06.webp","광주서구누수탐지 실제 현장 작업 사진 6","광주 서구 누수탐지 실제 작업 과정 6"
"cases--gwangju-seogu-leak-detection-08","cases/gwangju-seogu-leak-detection/index.html","/assets/cases/gwangju-seogu-leak-detection/07.webp","광주서구누수탐지 실제 현장 작업 사진 7","광주 서구 누수탐지 실제 작업 과정 7"
"cases--gwangju-seogu-leak-detection-09","cases/gwangju-seogu-leak-detection/index.html","/assets/cases/gwangju-seogu-leak-detection/08.webp","광주서구누수탐지 실제 현장 작업 사진 8","광주 서구 누수탐지 실제 작업 과정 8"
"cases--gwangju-drain-blockage-2-01","cases/gwangju-drain-blockage-2/index.html","/assets/cases/gwangju-drain-blockage-2/01.webp","광주 배관 시공 현장 작업 과정 1","광주 배관 시공 현장 작업 과정 1"
"cases--gwangju-drain-blockage-2-02","cases/gwangju-drain-blockage-2/index.html","/assets/cases/gwangju-drain-blockage-2/02.webp","광주 배관 시공 현장 작업 과정 2","광주 배관 시공 현장 작업 과정 2"
"cases--gwangju-drain-blockage-2-03","cases/gwangju-drain-blockage-2/index.html","/assets/cases/gwangju-drain-blockage-2/03.webp","광주 배관 시공 현장 작업 과정 3","광주 배관 시공 현장 작업 과정 3"
"cases--gwangju-drain-blockage-2-04","cases/gwangju-drain-blockage-2/index.html","/assets/cases/gwangju-drain-blockage-2/04.webp","광주 배관 시공 현장 작업 과정 4","광주 배관 시공 현장 작업 과정 4"
"cases--gwangju-drain-blockage-2-05","cases/gwangju-drain-blockage-2/index.html","/assets/cases/gwangju-drain-blockage-2/05.webp","광주 배관 시공 현장 작업 과정 5","광주 배관 시공 현장 작업 과정 5"
"cases--gwangju-drain-blockage-2-06","cases/gwangju-drain-blockage-2/index.html","/assets/cases/gwangju-drain-blockage-2/06.webp","광주 배관 시공 현장 작업 과정 6","광주 배관 시공 현장 작업 과정 6"
"cases--gwangju-drain-blockage-2-07","cases/gwangju-drain-blockage-2/index.html","/assets/cases/gwangju-drain-blockage-2/07.webp","광주 배관 시공 현장 작업 과정 7","광주 배관 시공 현장 작업 과정 7"
"cases--gwangju-drain-blockage-2-08","cases/gwangju-drain-blockage-2/index.html","/assets/cases/gwangju-drain-blockage-2/08.webp","광주 배관 시공 현장 작업 과정 8","광주 배관 시공 현장 작업 과정 8"
"cases--gwangju-drain-blockage-2-09","cases/gwangju-drain-blockage-2/index.html","/assets/cases/gwangju-drain-blockage-2/09.webp","광주 배관 시공 현장 작업 과정 9","광주 배관 시공 현장 작업 과정 9"
"cases--gwangju-drain-blockage-2-10","cases/gwangju-drain-blockage-2/index.html","/assets/cases/gwangju-drain-blockage-2/10.webp","광주 배관 시공 현장 작업 과정 10","광주 배관 시공 현장 작업 과정 10"
"cases--gwangju-drain-blockage-2-11","cases/gwangju-drain-blockage-2/index.html","/assets/cases/gwangju-drain-blockage-2/11.webp","광주 배관 시공 현장 작업 과정 11","광주 배관 시공 현장 작업 과정 11"
"cases--gwangju-drain-blockage-2-12","cases/gwangju-drain-blockage-2/index.html","/assets/cases/gwangju-drain-blockage-2/12.webp","광주 배관 시공 현장 작업 과정 12","광주 배관 시공 현장 작업 과정 12"
"cases--yeonggwang-hampyeong-sink-blockage-01","cases/yeonggwang-hampyeong-sink-blockage/index.html","/assets/cases/yeonggwang-hampyeong-sink-blockage/01.webp","영광·함평 배관 시공 현장 작업 과정 1","영광·함평 배관 시공 현장 작업 과정 1"
"cases--yeonggwang-hampyeong-sink-blockage-02","cases/yeonggwang-hampyeong-sink-blockage/index.html","/assets/cases/yeonggwang-hampyeong-sink-blockage/02.webp","영광·함평 배관 시공 현장 작업 과정 2","영광·함평 배관 시공 현장 작업 과정 2"
"cases--yeonggwang-hampyeong-sink-blockage-03","cases/yeonggwang-hampyeong-sink-blockage/index.html","/assets/cases/yeonggwang-hampyeong-sink-blockage/03.webp","영광·함평 배관 시공 현장 작업 과정 3","영광·함평 배관 시공 현장 작업 과정 3"
"cases--yeonggwang-hampyeong-sink-blockage-04","cases/yeonggwang-hampyeong-sink-blockage/index.html","/assets/cases/yeonggwang-hampyeong-sink-blockage/04.webp","영광·함평 배관 시공 현장 작업 과정 4","영광·함평 배관 시공 현장 작업 과정 4"
"cases--yeonggwang-hampyeong-sink-blockage-05","cases/yeonggwang-hampyeong-sink-blockage/index.html","/assets/cases/yeonggwang-hampyeong-sink-blockage/05.webp","영광·함평 배관 시공 현장 작업 과정 5","영광·함평 배관 시공 현장 작업 과정 5"
"cases--yeonggwang-hampyeong-sink-blockage-06","cases/yeonggwang-hampyeong-sink-blockage/index.html","/assets/cases/yeonggwang-hampyeong-sink-blockage/06.webp","영광·함평 배관 시공 현장 작업 과정 6","영광·함평 배관 시공 현장 작업 과정 6"
"cases--yeonggwang-hampyeong-sink-blockage-07","cases/yeonggwang-hampyeong-sink-blockage/index.html","/assets/cases/yeonggwang-hampyeong-sink-blockage/07.webp","영광·함평 배관 시공 현장 작업 과정 7","영광·함평 배관 시공 현장 작업 과정 7"
"cases--yeonggwang-hampyeong-sink-blockage-08","cases/yeonggwang-hampyeong-sink-blockage/index.html","/assets/cases/yeonggwang-hampyeong-sink-blockage/08.webp","영광·함평 배관 시공 현장 작업 과정 8","영광·함평 배관 시공 현장 작업 과정 8"
"cases--yeonggwang-hampyeong-sink-blockage-09","cases/yeonggwang-hampyeong-sink-blockage/index.html","/assets/cases/yeonggwang-hampyeong-sink-blockage/09.webp","영광·함평 배관 시공 현장 작업 과정 9","영광·함평 배관 시공 현장 작업 과정 9"
"cases--yeonggwang-hampyeong-sink-blockage-10","cases/yeonggwang-hampyeong-sink-blockage/index.html","/assets/cases/yeonggwang-hampyeong-sink-blockage/10.webp","영광·함평 배관 시공 현장 작업 과정 10","영광·함평 배관 시공 현장 작업 과정 10"
"cases--yeonggwang-hampyeong-sink-blockage-11","cases/yeonggwang-hampyeong-sink-blockage/index.html","/assets/cases/yeonggwang-hampyeong-sink-blockage/11.webp","영광·함평 배관 시공 현장 작업 과정 11","영광·함평 배관 시공 현장 작업 과정 11"
"cases--yeonggwang-hampyeong-sink-blockage-12","cases/yeonggwang-hampyeong-sink-blockage/index.html","/assets/cases/yeonggwang-hampyeong-sink-blockage/12.webp","영광·함평 배관 시공 현장 작업 과정 12","영광·함평 배관 시공 현장 작업 과정 12"
"cases--gochang-drain-blockage-01","cases/gochang-drain-blockage/index.html","/assets/cases/gochang-drain-blockage/01.webp","고창 하수구막힘 현장 작업 과정 1","고창 하수구막힘 현장 작업 과정 1"
"cases--gochang-drain-blockage-02","cases/gochang-drain-blockage/index.html","/assets/cases/gochang-drain-blockage/02.webp","고창 하수구막힘 현장 작업 과정 2","고창 하수구막힘 현장 작업 과정 2"
"cases--gochang-drain-blockage-03","cases/gochang-drain-blockage/index.html","/assets/cases/gochang-drain-blockage/03.webp","고창 하수구막힘 현장 작업 과정 3","고창 하수구막힘 현장 작업 과정 3"
"cases--gochang-drain-blockage-04","cases/gochang-drain-blockage/index.html","/assets/cases/gochang-drain-blockage/04.webp","고창 하수구막힘 현장 작업 과정 4","고창 하수구막힘 현장 작업 과정 4"
"cases--gochang-drain-blockage-05","cases/gochang-drain-blockage/index.html","/assets/cases/gochang-drain-blockage/05.webp","고창 하수구막힘 현장 작업 과정 5","고창 하수구막힘 현장 작업 과정 5"
"cases--gochang-drain-blockage-06","cases/gochang-drain-blockage/index.html","/assets/cases/gochang-drain-blockage/06.webp","고창 하수구막힘 현장 작업 과정 6","고창 하수구막힘 현장 작업 과정 6"
"cases--gochang-drain-blockage-07","cases/gochang-drain-blockage/index.html","/assets/cases/gochang-drain-blockage/07.webp","고창 하수구막힘 현장 작업 과정 7","고창 하수구막힘 현장 작업 과정 7"
"cases--gochang-drain-blockage-08","cases/gochang-drain-blockage/index.html","/assets/cases/gochang-drain-blockage/08.webp","고창 하수구막힘 현장 작업 과정 8","고창 하수구막힘 현장 작업 과정 8"
"cases--gochang-drain-blockage-09","cases/gochang-drain-blockage/index.html","/assets/cases/gochang-drain-blockage/09.webp","고창 하수구막힘 현장 작업 과정 9","고창 하수구막힘 현장 작업 과정 9"
"cases--gochang-drain-blockage-10","cases/gochang-drain-blockage/index.html","/assets/cases/gochang-drain-blockage/10.webp","고창 하수구막힘 현장 작업 과정 10","고창 하수구막힘 현장 작업 과정 10"
"cases--gwangju-bukgu-drain-blockage-01","cases/gwangju-bukgu-drain-blockage/index.html","/assets/cases/gwangju-bukgu-drain-blockage/01.webp","광주 북구 하수구막힘 현장 작업 과정 1","광주 북구 하수구막힘 현장 작업 과정 1"
"cases--gwangju-bukgu-drain-blockage-02","cases/gwangju-bukgu-drain-blockage/index.html","/assets/cases/gwangju-bukgu-drain-blockage/02.webp","광주 북구 하수구막힘 현장 작업 과정 2","광주 북구 하수구막힘 현장 작업 과정 2"
"cases--gwangju-bukgu-drain-blockage-03","cases/gwangju-bukgu-drain-blockage/index.html","/assets/cases/gwangju-bukgu-drain-blockage/03.webp","광주 북구 하수구막힘 현장 작업 과정 3","광주 북구 하수구막힘 현장 작업 과정 3"
"cases--gwangju-bukgu-drain-blockage-04","cases/gwangju-bukgu-drain-blockage/index.html","/assets/cases/gwangju-bukgu-drain-blockage/04.webp","광주 북구 하수구막힘 현장 작업 과정 4","광주 북구 하수구막힘 현장 작업 과정 4"
"cases--gwangju-bukgu-drain-blockage-05","cases/gwangju-bukgu-drain-blockage/index.html","/assets/cases/gwangju-bukgu-drain-blockage/05.webp","광주 북구 하수구막힘 현장 작업 과정 5","광주 북구 하수구막힘 현장 작업 과정 5"
"cases--gwangju-bukgu-drain-blockage-06","cases/gwangju-bukgu-drain-blockage/index.html","/assets/cases/gwangju-bukgu-drain-blockage/06.webp","광주 북구 하수구막힘 현장 작업 과정 6","광주 북구 하수구막힘 현장 작업 과정 6"
"cases--gwangju-bukgu-drain-blockage-07","cases/gwangju-bukgu-drain-blockage/index.html","/assets/cases/gwangju-bukgu-drain-blockage/07.webp","광주 북구 하수구막힘 현장 작업 과정 7","광주 북구 하수구막힘 현장 작업 과정 7"
"cases--gwangju-bukgu-drain-blockage-08","cases/gwangju-bukgu-drain-blockage/index.html","/assets/cases/gwangju-bukgu-drain-blockage/08.webp","광주 북구 하수구막힘 현장 작업 과정 8","광주 북구 하수구막힘 현장 작업 과정 8"
"cases--gwangju-bukgu-drain-blockage-09","cases/gwangju-bukgu-drain-blockage/index.html","/assets/cases/gwangju-bukgu-drain-blockage/09.webp","광주 북구 하수구막힘 현장 작업 과정 9","광주 북구 하수구막힘 현장 작업 과정 9"
"cases--gwangju-bukgu-drain-blockage-10","cases/gwangju-bukgu-drain-blockage/index.html","/assets/cases/gwangju-bukgu-drain-blockage/10.webp","광주 북구 하수구막힘 현장 작업 과정 10","광주 북구 하수구막힘 현장 작업 과정 10"
"cases--gwangju-gwangsangu-leak-detection-02","cases/gwangju-gwangsangu-leak-detection/index.html","/assets/cases/gwangju-gwangsangu-leak-detection/01.webp","광주광산구누수탐지 실제 현장 작업 사진 1","광주 광산구 누수탐지 실제 작업 과정 1"
"cases--gwangju-gwangsangu-leak-detection-03","cases/gwangju-gwangsangu-leak-detection/index.html","/assets/cases/gwangju-gwangsangu-leak-detection/02.webp","광주광산구누수탐지 실제 현장 작업 사진 2","광주 광산구 누수탐지 실제 작업 과정 2"
"cases--gwangju-gwangsangu-leak-detection-04","cases/gwangju-gwangsangu-leak-detection/index.html","/assets/cases/gwangju-gwangsangu-leak-detection/03.webp","광주광산구누수탐지 실제 현장 작업 사진 3","광주 광산구 누수탐지 실제 작업 과정 3"
"cases--gwangju-gwangsangu-leak-detection-05","cases/gwangju-gwangsangu-leak-detection/index.html","/assets/cases/gwangju-gwangsangu-leak-detection/04.webp","광주광산구누수탐지 실제 현장 작업 사진 4","광주 광산구 누수탐지 실제 작업 과정 4"
"cases--gwangju-gwangsangu-leak-detection-06","cases/gwangju-gwangsangu-leak-detection/index.html","/assets/cases/gwangju-gwangsangu-leak-detection/05.webp","광주광산구누수탐지 실제 현장 작업 사진 5","광주 광산구 누수탐지 실제 작업 과정 5"
"cases--gwangju-gwangsangu-leak-detection-07","cases/gwangju-gwangsangu-leak-detection/index.html","/assets/cases/gwangju-gwangsangu-leak-detection/06.webp","광주광산구누수탐지 실제 현장 작업 사진 6","광주 광산구 누수탐지 실제 작업 과정 6"
"cases--gwangju-gwangsangu-leak-detection-08","cases/gwangju-gwangsangu-leak-detection/index.html","/assets/cases/gwangju-gwangsangu-leak-detection/07.webp","광주광산구누수탐지 실제 현장 작업 사진 7","광주 광산구 누수탐지 실제 작업 과정 7"
"cases--gwangju-gwangsangu-leak-detection-09","cases/gwangju-gwangsangu-leak-detection/index.html","/assets/cases/gwangju-gwangsangu-leak-detection/08.webp","광주광산구누수탐지 실제 현장 작업 사진 8","광주 광산구 누수탐지 실제 작업 과정 8"
"cases--gwangju-namgu-leak-detection-02","cases/gwangju-namgu-leak-detection/index.html","/assets/cases/gwangju-namgu-leak-detection/01.webp","광주남구누수탐지 실제 현장 작업 사진 1","광주 남구 누수탐지 실제 작업 과정 1"
"cases--gwangju-namgu-leak-detection-03","cases/gwangju-namgu-leak-detection/index.html","/assets/cases/gwangju-namgu-leak-detection/02.webp","광주남구누수탐지 실제 현장 작업 사진 2","광주 남구 누수탐지 실제 작업 과정 2"
"cases--gwangju-namgu-leak-detection-04","cases/gwangju-namgu-leak-detection/index.html","/assets/cases/gwangju-namgu-leak-detection/03.webp","광주남구누수탐지 실제 현장 작업 사진 3","광주 남구 누수탐지 실제 작업 과정 3"
"cases--gwangju-namgu-leak-detection-05","cases/gwangju-namgu-leak-detection/index.html","/assets/cases/gwangju-namgu-leak-detection/04.webp","광주남구누수탐지 실제 현장 작업 사진 4","광주 남구 누수탐지 실제 작업 과정 4"
"cases--gwangju-namgu-leak-detection-06","cases/gwangju-namgu-leak-detection/index.html","/assets/cases/gwangju-namgu-leak-detection/05.webp","광주남구누수탐지 실제 현장 작업 사진 5","광주 남구 누수탐지 실제 작업 과정 5"
"cases--gwangju-namgu-leak-detection-07","cases/gwangju-namgu-leak-detection/index.html","/assets/cases/gwangju-namgu-leak-detection/06.webp","광주남구누수탐지 실제 현장 작업 사진 6","광주 남구 누수탐지 실제 작업 과정 6"
"cases--gwangju-namgu-leak-detection-08","cases/gwangju-namgu-leak-detection/index.html","/assets/cases/gwangju-namgu-leak-detection/07.webp","광주남구누수탐지 실제 현장 작업 사진 7","광주 남구 누수탐지 실제 작업 과정 7"
"cases--gwangju-namgu-leak-detection-09","cases/gwangju-namgu-leak-detection/index.html","/assets/cases/gwangju-namgu-leak-detection/08.webp","광주남구누수탐지 실제 현장 작업 사진 8","광주 남구 누수탐지 실제 작업 과정 8"
"cases--gwangju-donggu-drain-cleaning-01","cases/gwangju-donggu-drain-cleaning/index.html","/assets/cases/gwangju-donggu-drain-cleaning/01.webp","광주 동구 하수구 시공 현장 작업 과정 1","광주 동구 하수구 시공 현장 작업 과정 1"
"cases--gwangju-donggu-drain-cleaning-02","cases/gwangju-donggu-drain-cleaning/index.html","/assets/cases/gwangju-donggu-drain-cleaning/02.webp","광주 동구 하수구 시공 현장 작업 과정 2","광주 동구 하수구 시공 현장 작업 과정 2"
"cases--gwangju-donggu-drain-cleaning-03","cases/gwangju-donggu-drain-cleaning/index.html","/assets/cases/gwangju-donggu-drain-cleaning/03.webp","광주 동구 하수구 시공 현장 작업 과정 3","광주 동구 하수구 시공 현장 작업 과정 3"
"cases--gwangju-donggu-drain-cleaning-04","cases/gwangju-donggu-drain-cleaning/index.html","/assets/cases/gwangju-donggu-drain-cleaning/04.webp","광주 동구 하수구 시공 현장 작업 과정 4","광주 동구 하수구 시공 현장 작업 과정 4"
"cases--gwangju-donggu-drain-cleaning-05","cases/gwangju-donggu-drain-cleaning/index.html","/assets/cases/gwangju-donggu-drain-cleaning/05.webp","광주 동구 하수구 시공 현장 작업 과정 5","광주 동구 하수구 시공 현장 작업 과정 5"
"cases--gwangju-donggu-drain-cleaning-06","cases/gwangju-donggu-drain-cleaning/index.html","/assets/cases/gwangju-donggu-drain-cleaning/06.webp","광주 동구 하수구 시공 현장 작업 과정 6","광주 동구 하수구 시공 현장 작업 과정 6"
"cases--gwangju-donggu-drain-cleaning-07","cases/gwangju-donggu-drain-cleaning/index.html","/assets/cases/gwangju-donggu-drain-cleaning/07.webp","광주 동구 하수구 시공 현장 작업 과정 7","광주 동구 하수구 시공 현장 작업 과정 7"
"cases--gwangju-donggu-drain-cleaning-08","cases/gwangju-donggu-drain-cleaning/index.html","/assets/cases/gwangju-donggu-drain-cleaning/08.webp","광주 동구 하수구 시공 현장 작업 과정 8","광주 동구 하수구 시공 현장 작업 과정 8"
"cases--gwangju-donggu-drain-cleaning-09","cases/gwangju-donggu-drain-cleaning/index.html","/assets/cases/gwangju-donggu-drain-cleaning/09.webp","광주 동구 하수구 시공 현장 작업 과정 9","광주 동구 하수구 시공 현장 작업 과정 9"
"cases--gwangju-donggu-drain-cleaning-10","cases/gwangju-donggu-drain-cleaning/index.html","/assets/cases/gwangju-donggu-drain-cleaning/10.webp","광주 동구 하수구 시공 현장 작업 과정 10","광주 동구 하수구 시공 현장 작업 과정 10"
"cases--gwangju-donggu-drain-cleaning-11","cases/gwangju-donggu-drain-cleaning/index.html","/assets/cases/gwangju-donggu-drain-cleaning/11.webp","광주 동구 하수구 시공 현장 작업 과정 11","광주 동구 하수구 시공 현장 작업 과정 11"
"cases--gwangju-donggu-drain-cleaning-12","cases/gwangju-donggu-drain-cleaning/index.html","/assets/cases/gwangju-donggu-drain-cleaning/12.webp","광주 동구 하수구 시공 현장 작업 과정 12","광주 동구 하수구 시공 현장 작업 과정 12"
"cases--gwangju-donggu-drain-blockage-2-01","cases/gwangju-donggu-drain-blockage-2/index.html","/assets/cases/gwangju-donggu-drain-blockage-2/01.webp","광주동구 배관 시공 현장 작업 과정 1","광주동구 배관 시공 현장 작업 과정 1"
"cases--gwangju-donggu-drain-blockage-2-02","cases/gwangju-donggu-drain-blockage-2/index.html","/assets/cases/gwangju-donggu-drain-blockage-2/02.webp","광주동구 배관 시공 현장 작업 과정 2","광주동구 배관 시공 현장 작업 과정 2"
"cases--gwangju-donggu-drain-blockage-2-03","cases/gwangju-donggu-drain-blockage-2/index.html","/assets/cases/gwangju-donggu-drain-blockage-2/03.webp","광주동구 배관 시공 현장 작업 과정 3","광주동구 배관 시공 현장 작업 과정 3"
"cases--gwangju-donggu-drain-blockage-2-04","cases/gwangju-donggu-drain-blockage-2/index.html","/assets/cases/gwangju-donggu-drain-blockage-2/04.webp","광주동구 배관 시공 현장 작업 과정 4","광주동구 배관 시공 현장 작업 과정 4"
"cases--gwangju-donggu-drain-blockage-2-05","cases/gwangju-donggu-drain-blockage-2/index.html","/assets/cases/gwangju-donggu-drain-blockage-2/05.webp","광주동구 배관 시공 현장 작업 과정 5","광주동구 배관 시공 현장 작업 과정 5"
"cases--gwangju-donggu-drain-blockage-2-06","cases/gwangju-donggu-drain-blockage-2/index.html","/assets/cases/gwangju-donggu-drain-blockage-2/06.webp","광주동구 배관 시공 현장 작업 과정 6","광주동구 배관 시공 현장 작업 과정 6"
"cases--gwangju-donggu-drain-blockage-2-07","cases/gwangju-donggu-drain-blockage-2/index.html","/assets/cases/gwangju-donggu-drain-blockage-2/07.webp","광주동구 배관 시공 현장 작업 과정 7","광주동구 배관 시공 현장 작업 과정 7"
"cases--gwangju-donggu-drain-blockage-2-08","cases/gwangju-donggu-drain-blockage-2/index.html","/assets/cases/gwangju-donggu-drain-blockage-2/08.webp","광주동구 배관 시공 현장 작업 과정 8","광주동구 배관 시공 현장 작업 과정 8"
"cases--gwangju-donggu-drain-blockage-2-09","cases/gwangju-donggu-drain-blockage-2/index.html","/assets/cases/gwangju-donggu-drain-blockage-2/09.webp","광주동구 배관 시공 현장 작업 과정 9","광주동구 배관 시공 현장 작업 과정 9"
"cases--gwangju-donggu-drain-blockage-2-10","cases/gwangju-donggu-drain-blockage-2/index.html","/assets/cases/gwangju-donggu-drain-blockage-2/10.webp","광주동구 배관 시공 현장 작업 과정 10","광주동구 배관 시공 현장 작업 과정 10"
"cases--gwangju-donggu-drain-blockage-2-11","cases/gwangju-donggu-drain-blockage-2/index.html","/assets/cases/gwangju-donggu-drain-blockage-2/11.webp","광주동구 배관 시공 현장 작업 과정 11","광주동구 배관 시공 현장 작업 과정 11"
"cases--gwangju-donggu-drain-blockage-2-12","cases/gwangju-donggu-drain-blockage-2/index.html","/assets/cases/gwangju-donggu-drain-blockage-2/12.webp","광주동구 배관 시공 현장 작업 과정 12","광주동구 배관 시공 현장 작업 과정 12"
"cases--suncheon-leak-detection-02","cases/suncheon-leak-detection/index.html","/assets/cases/suncheon-leak-detection/01.webp","순천누수탐지 실제 현장 작업 사진 1","순천 누수탐지 실제 작업 과정 1"
"cases--suncheon-leak-detection-03","cases/suncheon-leak-detection/index.html","/assets/cases/suncheon-leak-detection/02.webp","순천누수탐지 실제 현장 작업 사진 2","순천 누수탐지 실제 작업 과정 2"
"cases--suncheon-leak-detection-04","cases/suncheon-leak-detection/index.html","/assets/cases/suncheon-leak-detection/03.webp","순천누수탐지 실제 현장 작업 사진 3","순천 누수탐지 실제 작업 과정 3"
"cases--suncheon-leak-detection-05","cases/suncheon-leak-detection/index.html","/assets/cases/suncheon-leak-detection/04.webp","순천누수탐지 실제 현장 작업 사진 4","순천 누수탐지 실제 작업 과정 4"
"cases--suncheon-leak-detection-06","cases/suncheon-leak-detection/index.html","/assets/cases/suncheon-leak-detection/05.webp","순천누수탐지 실제 현장 작업 사진 5","순천 누수탐지 실제 작업 과정 5"
"cases--suncheon-leak-detection-07","cases/suncheon-leak-detection/index.html","/assets/cases/suncheon-leak-detection/06.webp","순천누수탐지 실제 현장 작업 사진 6","순천 누수탐지 실제 작업 과정 6"
"cases--suncheon-leak-detection-08","cases/suncheon-leak-detection/index.html","/assets/cases/suncheon-leak-detection/07.webp","순천누수탐지 실제 현장 작업 사진 7","순천 누수탐지 실제 작업 과정 7"
"cases--suncheon-leak-detection-09","cases/suncheon-leak-detection/index.html","/assets/cases/suncheon-leak-detection/08.webp","순천누수탐지 실제 현장 작업 사진 8","순천 누수탐지 실제 작업 과정 8"
"cases--naju-drain-blockage-01","cases/naju-drain-blockage/index.html","/assets/cases/naju-drain-blockage/01.webp","나주 하수구막힘 현장 작업 과정 1","나주 하수구막힘 현장 작업 과정 1"
"cases--naju-drain-blockage-02","cases/naju-drain-blockage/index.html","/assets/cases/naju-drain-blockage/02.webp","나주 하수구막힘 현장 작업 과정 2","나주 하수구막힘 현장 작업 과정 2"
"cases--naju-drain-blockage-03","cases/naju-drain-blockage/index.html","/assets/cases/naju-drain-blockage/03.webp","나주 하수구막힘 현장 작업 과정 3","나주 하수구막힘 현장 작업 과정 3"
"cases--naju-drain-blockage-04","cases/naju-drain-blockage/index.html","/assets/cases/naju-drain-blockage/04.webp","나주 하수구막힘 현장 작업 과정 4","나주 하수구막힘 현장 작업 과정 4"
"cases--naju-drain-blockage-05","cases/naju-drain-blockage/index.html","/assets/cases/naju-drain-blockage/05.webp","나주 하수구막힘 현장 작업 과정 5","나주 하수구막힘 현장 작업 과정 5"
"cases--naju-drain-blockage-06","cases/naju-drain-blockage/index.html","/assets/cases/naju-drain-blockage/06.webp","나주 하수구막힘 현장 작업 과정 6","나주 하수구막힘 현장 작업 과정 6"
"cases--naju-drain-blockage-07","cases/naju-drain-blockage/index.html","/assets/cases/naju-drain-blockage/07.webp","나주 하수구막힘 현장 작업 과정 7","나주 하수구막힘 현장 작업 과정 7"
"cases--naju-drain-blockage-08","cases/naju-drain-blockage/index.html","/assets/cases/naju-drain-blockage/08.webp","나주 하수구막힘 현장 작업 과정 8","나주 하수구막힘 현장 작업 과정 8"
"cases--naju-drain-blockage-09","cases/naju-drain-blockage/index.html","/assets/cases/naju-drain-blockage/09.webp","나주 하수구막힘 현장 작업 과정 9","나주 하수구막힘 현장 작업 과정 9"
"cases--naju-drain-blockage-10","cases/naju-drain-blockage/index.html","/assets/cases/naju-drain-blockage/10.webp","나주 하수구막힘 현장 작업 과정 10","나주 하수구막힘 현장 작업 과정 10"
"cases--muan-drain-blockage-01","cases/muan-drain-blockage/index.html","/assets/cases/muan-drain-blockage/01.webp","무안 하수구막힘 현장 작업 과정 1","무안 하수구막힘 현장 작업 과정 1"
"cases--muan-drain-blockage-02","cases/muan-drain-blockage/index.html","/assets/cases/muan-drain-blockage/02.webp","무안 하수구막힘 현장 작업 과정 2","무안 하수구막힘 현장 작업 과정 2"
"cases--muan-drain-blockage-03","cases/muan-drain-blockage/index.html","/assets/cases/muan-drain-blockage/03.webp","무안 하수구막힘 현장 작업 과정 3","무안 하수구막힘 현장 작업 과정 3"
"cases--muan-drain-blockage-04","cases/muan-drain-blockage/index.html","/assets/cases/muan-drain-blockage/04.webp","무안 하수구막힘 현장 작업 과정 4","무안 하수구막힘 현장 작업 과정 4"
"cases--muan-drain-blockage-05","cases/muan-drain-blockage/index.html","/assets/cases/muan-drain-blockage/05.webp","무안 하수구막힘 현장 작업 과정 5","무안 하수구막힘 현장 작업 과정 5"
"cases--muan-drain-blockage-06","cases/muan-drain-blockage/index.html","/assets/cases/muan-drain-blockage/06.webp","무안 하수구막힘 현장 작업 과정 6","무안 하수구막힘 현장 작업 과정 6"
"cases--muan-drain-blockage-07","cases/muan-drain-blockage/index.html","/assets/cases/muan-drain-blockage/07.webp","무안 하수구막힘 현장 작업 과정 7","무안 하수구막힘 현장 작업 과정 7"
"cases--muan-drain-blockage-08","cases/muan-drain-blockage/index.html","/assets/cases/muan-drain-blockage/08.webp","무안 하수구막힘 현장 작업 과정 8","무안 하수구막힘 현장 작업 과정 8"
"cases--muan-drain-blockage-09","cases/muan-drain-blockage/index.html","/assets/cases/muan-drain-blockage/09.webp","무안 하수구막힘 현장 작업 과정 9","무안 하수구막힘 현장 작업 과정 9"
"cases--muan-drain-blockage-10","cases/muan-drain-blockage/index.html","/assets/cases/muan-drain-blockage/10.webp","무안 하수구막힘 현장 작업 과정 10","무안 하수구막힘 현장 작업 과정 10"
"cases--gwangju-bukgu-drain-blockage-2-01","cases/gwangju-bukgu-drain-blockage-2/index.html","/assets/cases/gwangju-bukgu-drain-blockage-2/01.webp","광주북구 배관 시공 현장 작업 과정 1","광주북구 배관 시공 현장 작업 과정 1"
"cases--gwangju-bukgu-drain-blockage-2-02","cases/gwangju-bukgu-drain-blockage-2/index.html","/assets/cases/gwangju-bukgu-drain-blockage-2/02.webp","광주북구 배관 시공 현장 작업 과정 2","광주북구 배관 시공 현장 작업 과정 2"
"cases--gwangju-bukgu-drain-blockage-2-03","cases/gwangju-bukgu-drain-blockage-2/index.html","/assets/cases/gwangju-bukgu-drain-blockage-2/03.webp","광주북구 배관 시공 현장 작업 과정 3","광주북구 배관 시공 현장 작업 과정 3"
"cases--gwangju-bukgu-drain-blockage-2-04","cases/gwangju-bukgu-drain-blockage-2/index.html","/assets/cases/gwangju-bukgu-drain-blockage-2/04.webp","광주북구 배관 시공 현장 작업 과정 4","광주북구 배관 시공 현장 작업 과정 4"
"cases--gwangju-bukgu-drain-blockage-2-05","cases/gwangju-bukgu-drain-blockage-2/index.html","/assets/cases/gwangju-bukgu-drain-blockage-2/05.webp","광주북구 배관 시공 현장 작업 과정 5","광주북구 배관 시공 현장 작업 과정 5"
"cases--gwangju-bukgu-drain-blockage-2-06","cases/gwangju-bukgu-drain-blockage-2/index.html","/assets/cases/gwangju-bukgu-drain-blockage-2/06.webp","광주북구 배관 시공 현장 작업 과정 6","광주북구 배관 시공 현장 작업 과정 6"
"cases--gwangju-bukgu-drain-blockage-2-07","cases/gwangju-bukgu-drain-blockage-2/index.html","/assets/cases/gwangju-bukgu-drain-blockage-2/07.webp","광주북구 배관 시공 현장 작업 과정 7","광주북구 배관 시공 현장 작업 과정 7"
"cases--gwangju-bukgu-drain-blockage-2-08","cases/gwangju-bukgu-drain-blockage-2/index.html","/assets/cases/gwangju-bukgu-drain-blockage-2/08.webp","광주북구 배관 시공 현장 작업 과정 8","광주북구 배관 시공 현장 작업 과정 8"
"cases--gwangju-bukgu-drain-blockage-2-09","cases/gwangju-bukgu-drain-blockage-2/index.html","/assets/cases/gwangju-bukgu-drain-blockage-2/09.webp","광주북구 배관 시공 현장 작업 과정 9","광주북구 배관 시공 현장 작업 과정 9"
"cases--gwangju-bukgu-drain-blockage-2-10","cases/gwangju-bukgu-drain-blockage-2/index.html","/assets/cases/gwangju-bukgu-drain-blockage-2/10.webp","광주북구 배관 시공 현장 작업 과정 10","광주북구 배관 시공 현장 작업 과정 10"
"cases--gwangju-bukgu-drain-blockage-2-11","cases/gwangju-bukgu-drain-blockage-2/index.html","/assets/cases/gwangju-bukgu-drain-blockage-2/11.webp","광주북구 배관 시공 현장 작업 과정 11","광주북구 배관 시공 현장 작업 과정 11"
"cases--gwangju-bukgu-drain-blockage-2-12","cases/gwangju-bukgu-drain-blockage-2/index.html","/assets/cases/gwangju-bukgu-drain-blockage-2/12.webp","광주북구 배관 시공 현장 작업 과정 12","광주북구 배관 시공 현장 작업 과정 12"
"cases--gwangju-seogu-drain-blockage-01","cases/gwangju-seogu-drain-blockage/index.html","/assets/cases/gwangju-seogu-drain-blockage/01.webp","광주서구 배관 시공 현장 작업 과정 1","광주서구 배관 시공 현장 작업 과정 1"
"cases--gwangju-seogu-drain-blockage-02","cases/gwangju-seogu-drain-blockage/index.html","/assets/cases/gwangju-seogu-drain-blockage/02.webp","광주서구 배관 시공 현장 작업 과정 2","광주서구 배관 시공 현장 작업 과정 2"
"cases--gwangju-seogu-drain-blockage-03","cases/gwangju-seogu-drain-blockage/index.html","/assets/cases/gwangju-seogu-drain-blockage/03.webp","광주서구 배관 시공 현장 작업 과정 3","광주서구 배관 시공 현장 작업 과정 3"
"cases--gwangju-seogu-drain-blockage-04","cases/gwangju-seogu-drain-blockage/index.html","/assets/cases/gwangju-seogu-drain-blockage/04.webp","광주서구 배관 시공 현장 작업 과정 4","광주서구 배관 시공 현장 작업 과정 4"
"cases--gwangju-seogu-drain-blockage-05","cases/gwangju-seogu-drain-blockage/index.html","/assets/cases/gwangju-seogu-drain-blockage/05.webp","광주서구 배관 시공 현장 작업 과정 5","광주서구 배관 시공 현장 작업 과정 5"
"cases--gwangju-seogu-drain-blockage-06","cases/gwangju-seogu-drain-blockage/index.html","/assets/cases/gwangju-seogu-drain-blockage/06.webp","광주서구 배관 시공 현장 작업 과정 6","광주서구 배관 시공 현장 작업 과정 6"
"cases--gwangju-seogu-drain-blockage-07","cases/gwangju-seogu-drain-blockage/index.html","/assets/cases/gwangju-seogu-drain-blockage/07.webp","광주서구 배관 시공 현장 작업 과정 7","광주서구 배관 시공 현장 작업 과정 7"
"cases--gwangju-seogu-drain-blockage-08","cases/gwangju-seogu-drain-blockage/index.html","/assets/cases/gwangju-seogu-drain-blockage/08.webp","광주서구 배관 시공 현장 작업 과정 8","광주서구 배관 시공 현장 작업 과정 8"
"cases--gwangju-seogu-drain-blockage-09","cases/gwangju-seogu-drain-blockage/index.html","/assets/cases/gwangju-seogu-drain-blockage/09.webp","광주서구 배관 시공 현장 작업 과정 9","광주서구 배관 시공 현장 작업 과정 9"
"cases--gwangju-seogu-drain-blockage-10","cases/gwangju-seogu-drain-blockage/index.html","/assets/cases/gwangju-seogu-drain-blockage/10.webp","광주서구 배관 시공 현장 작업 과정 10","광주서구 배관 시공 현장 작업 과정 10"
"cases--gwangju-seogu-drain-blockage-11","cases/gwangju-seogu-drain-blockage/index.html","/assets/cases/gwangju-seogu-drain-blockage/11.webp","광주서구 배관 시공 현장 작업 과정 11","광주서구 배관 시공 현장 작업 과정 11"
"cases--gwangju-seogu-drain-blockage-12","cases/gwangju-seogu-drain-blockage/index.html","/assets/cases/gwangju-seogu-drain-blockage/12.webp","광주서구 배관 시공 현장 작업 과정 12","광주서구 배관 시공 현장 작업 과정 12"
"cases--gwangju-namgu-drain-blockage-2-01","cases/gwangju-namgu-drain-blockage-2/index.html","/assets/cases/gwangju-namgu-drain-blockage-2/01.webp","광주 남구 하수구 시공 현장 작업 과정 1","광주 남구 하수구 시공 현장 작업 과정 1"
"cases--gwangju-namgu-drain-blockage-2-02","cases/gwangju-namgu-drain-blockage-2/index.html","/assets/cases/gwangju-namgu-drain-blockage-2/02.webp","광주 남구 하수구 시공 현장 작업 과정 2","광주 남구 하수구 시공 현장 작업 과정 2"
"cases--gwangju-namgu-drain-blockage-2-03","cases/gwangju-namgu-drain-blockage-2/index.html","/assets/cases/gwangju-namgu-drain-blockage-2/03.webp","광주 남구 하수구 시공 현장 작업 과정 3","광주 남구 하수구 시공 현장 작업 과정 3"
"cases--gwangju-namgu-drain-blockage-2-04","cases/gwangju-namgu-drain-blockage-2/index.html","/assets/cases/gwangju-namgu-drain-blockage-2/04.webp","광주 남구 하수구 시공 현장 작업 과정 4","광주 남구 하수구 시공 현장 작업 과정 4"
"cases--gwangju-namgu-drain-blockage-2-05","cases/gwangju-namgu-drain-blockage-2/index.html","/assets/cases/gwangju-namgu-drain-blockage-2/05.webp","광주 남구 하수구 시공 현장 작업 과정 5","광주 남구 하수구 시공 현장 작업 과정 5"
"cases--gwangju-namgu-drain-blockage-2-06","cases/gwangju-namgu-drain-blockage-2/index.html","/assets/cases/gwangju-namgu-drain-blockage-2/06.webp","광주 남구 하수구 시공 현장 작업 과정 6","광주 남구 하수구 시공 현장 작업 과정 6"
"cases--gwangju-namgu-drain-blockage-2-07","cases/gwangju-namgu-drain-blockage-2/index.html","/assets/cases/gwangju-namgu-drain-blockage-2/07.webp","광주 남구 하수구 시공 현장 작업 과정 7","광주 남구 하수구 시공 현장 작업 과정 7"
"cases--gwangju-namgu-drain-blockage-2-08","cases/gwangju-namgu-drain-blockage-2/index.html","/assets/cases/gwangju-namgu-drain-blockage-2/08.webp","광주 남구 하수구 시공 현장 작업 과정 8","광주 남구 하수구 시공 현장 작업 과정 8"
"cases--gwangju-namgu-drain-blockage-2-09","cases/gwangju-namgu-drain-blockage-2/index.html","/assets/cases/gwangju-namgu-drain-blockage-2/09.webp","광주 남구 하수구 시공 현장 작업 과정 9","광주 남구 하수구 시공 현장 작업 과정 9"
"cases--gwangju-namgu-drain-blockage-2-10","cases/gwangju-namgu-drain-blockage-2/index.html","/assets/cases/gwangju-namgu-drain-blockage-2/10.webp","광주 남구 하수구 시공 현장 작업 과정 10","광주 남구 하수구 시공 현장 작업 과정 10"
"cases--gwangju-namgu-drain-blockage-2-11","cases/gwangju-namgu-drain-blockage-2/index.html","/assets/cases/gwangju-namgu-drain-blockage-2/11.webp","광주 남구 하수구 시공 현장 작업 과정 11","광주 남구 하수구 시공 현장 작업 과정 11"
"cases--gwangju-namgu-drain-blockage-2-12","cases/gwangju-namgu-drain-blockage-2/index.html","/assets/cases/gwangju-namgu-drain-blockage-2/12.webp","광주 남구 하수구 시공 현장 작업 과정 12","광주 남구 하수구 시공 현장 작업 과정 12"
"cases--gwangju-donggu-drain-blockage-01","cases/gwangju-donggu-drain-blockage/index.html","/assets/cases/gwangju-donggu-drain-blockage/01.webp","광주 동구 하수구막힘 현장 작업 과정 1","광주 동구 하수구막힘 현장 작업 과정 1"
"cases--gwangju-donggu-drain-blockage-02","cases/gwangju-donggu-drain-blockage/index.html","/assets/cases/gwangju-donggu-drain-blockage/02.webp","광주 동구 하수구막힘 현장 작업 과정 2","광주 동구 하수구막힘 현장 작업 과정 2"
"cases--gwangju-donggu-drain-blockage-03","cases/gwangju-donggu-drain-blockage/index.html","/assets/cases/gwangju-donggu-drain-blockage/03.webp","광주 동구 하수구막힘 현장 작업 과정 3","광주 동구 하수구막힘 현장 작업 과정 3"
"cases--gwangju-donggu-drain-blockage-04","cases/gwangju-donggu-drain-blockage/index.html","/assets/cases/gwangju-donggu-drain-blockage/04.webp","광주 동구 하수구막힘 현장 작업 과정 4","광주 동구 하수구막힘 현장 작업 과정 4"
"cases--gwangju-donggu-drain-blockage-05","cases/gwangju-donggu-drain-blockage/index.html","/assets/cases/gwangju-donggu-drain-blockage/05.webp","광주 동구 하수구막힘 현장 작업 과정 5","광주 동구 하수구막힘 현장 작업 과정 5"
"cases--gwangju-donggu-drain-blockage-06","cases/gwangju-donggu-drain-blockage/index.html","/assets/cases/gwangju-donggu-drain-blockage/06.webp","광주 동구 하수구막힘 현장 작업 과정 6","광주 동구 하수구막힘 현장 작업 과정 6"
"cases--gwangju-donggu-drain-blockage-07","cases/gwangju-donggu-drain-blockage/index.html","/assets/cases/gwangju-donggu-drain-blockage/07.webp","광주 동구 하수구막힘 현장 작업 과정 7","광주 동구 하수구막힘 현장 작업 과정 7"
"cases--gwangju-donggu-drain-blockage-08","cases/gwangju-donggu-drain-blockage/index.html","/assets/cases/gwangju-donggu-drain-blockage/08.webp","광주 동구 하수구막힘 현장 작업 과정 8","광주 동구 하수구막힘 현장 작업 과정 8"
"cases--gwangju-donggu-drain-blockage-09","cases/gwangju-donggu-drain-blockage/index.html","/assets/cases/gwangju-donggu-drain-blockage/09.webp","광주 동구 하수구막힘 현장 작업 과정 9","광주 동구 하수구막힘 현장 작업 과정 9"
"cases--gwangju-donggu-drain-blockage-10","cases/gwangju-donggu-drain-blockage/index.html","/assets/cases/gwangju-donggu-drain-blockage/10.webp","광주 동구 하수구막힘 현장 작업 과정 10","광주 동구 하수구막힘 현장 작업 과정 10"
"cases--gwangyang-drain-blockage-01","cases/gwangyang-drain-blockage/index.html","/assets/cases/gwangyang-drain-blockage/01.webp","광양 하수구막힘 현장 작업 과정 1","광양 하수구막힘 현장 작업 과정 1"
"cases--gwangyang-drain-blockage-02","cases/gwangyang-drain-blockage/index.html","/assets/cases/gwangyang-drain-blockage/02.webp","광양 하수구막힘 현장 작업 과정 2","광양 하수구막힘 현장 작업 과정 2"
"cases--gwangyang-drain-blockage-03","cases/gwangyang-drain-blockage/index.html","/assets/cases/gwangyang-drain-blockage/03.webp","광양 하수구막힘 현장 작업 과정 3","광양 하수구막힘 현장 작업 과정 3"
"cases--gwangyang-drain-blockage-04","cases/gwangyang-drain-blockage/index.html","/assets/cases/gwangyang-drain-blockage/04.webp","광양 하수구막힘 현장 작업 과정 4","광양 하수구막힘 현장 작업 과정 4"
"cases--gwangyang-drain-blockage-05","cases/gwangyang-drain-blockage/index.html","/assets/cases/gwangyang-drain-blockage/05.webp","광양 하수구막힘 현장 작업 과정 5","광양 하수구막힘 현장 작업 과정 5"
"cases--gwangyang-drain-blockage-06","cases/gwangyang-drain-blockage/index.html","/assets/cases/gwangyang-drain-blockage/06.webp","광양 하수구막힘 현장 작업 과정 6","광양 하수구막힘 현장 작업 과정 6"
"cases--gwangyang-drain-blockage-07","cases/gwangyang-drain-blockage/index.html","/assets/cases/gwangyang-drain-blockage/07.webp","광양 하수구막힘 현장 작업 과정 7","광양 하수구막힘 현장 작업 과정 7"
"cases--gwangyang-drain-blockage-08","cases/gwangyang-drain-blockage/index.html","/assets/cases/gwangyang-drain-blockage/08.webp","광양 하수구막힘 현장 작업 과정 8","광양 하수구막힘 현장 작업 과정 8"
"cases--gwangyang-drain-blockage-09","cases/gwangyang-drain-blockage/index.html","/assets/cases/gwangyang-drain-blockage/09.webp","광양 하수구막힘 현장 작업 과정 9","광양 하수구막힘 현장 작업 과정 9"
"cases--gwangyang-drain-blockage-10","cases/gwangyang-drain-blockage/index.html","/assets/cases/gwangyang-drain-blockage/10.webp","광양 하수구막힘 현장 작업 과정 10","광양 하수구막힘 현장 작업 과정 10"
"cases--mokpo-drain-blockage-01","cases/mokpo-drain-blockage/index.html","/assets/cases/mokpo-drain-blockage/01.webp","목포 하수구막힘 현장 작업 과정 1","목포 하수구막힘 현장 작업 과정 1"
"cases--mokpo-drain-blockage-02","cases/mokpo-drain-blockage/index.html","/assets/cases/mokpo-drain-blockage/02.webp","목포 하수구막힘 현장 작업 과정 2","목포 하수구막힘 현장 작업 과정 2"
"cases--mokpo-drain-blockage-03","cases/mokpo-drain-blockage/index.html","/assets/cases/mokpo-drain-blockage/03.webp","목포 하수구막힘 현장 작업 과정 3","목포 하수구막힘 현장 작업 과정 3"
"cases--mokpo-drain-blockage-04","cases/mokpo-drain-blockage/index.html","/assets/cases/mokpo-drain-blockage/04.webp","목포 하수구막힘 현장 작업 과정 4","목포 하수구막힘 현장 작업 과정 4"
"cases--mokpo-drain-blockage-05","cases/mokpo-drain-blockage/index.html","/assets/cases/mokpo-drain-blockage/05.webp","목포 하수구막힘 현장 작업 과정 5","목포 하수구막힘 현장 작업 과정 5"
"cases--mokpo-drain-blockage-06","cases/mokpo-drain-blockage/index.html","/assets/cases/mokpo-drain-blockage/06.webp","목포 하수구막힘 현장 작업 과정 6","목포 하수구막힘 현장 작업 과정 6"
"cases--mokpo-drain-blockage-07","cases/mokpo-drain-blockage/index.html","/assets/cases/mokpo-drain-blockage/07.webp","목포 하수구막힘 현장 작업 과정 7","목포 하수구막힘 현장 작업 과정 7"
"cases--mokpo-drain-blockage-08","cases/mokpo-drain-blockage/index.html","/assets/cases/mokpo-drain-blockage/08.webp","목포 하수구막힘 현장 작업 과정 8","목포 하수구막힘 현장 작업 과정 8"
"cases--mokpo-drain-blockage-09","cases/mokpo-drain-blockage/index.html","/assets/cases/mokpo-drain-blockage/09.webp","목포 하수구막힘 현장 작업 과정 9","목포 하수구막힘 현장 작업 과정 9"
"cases--mokpo-drain-blockage-10","cases/mokpo-drain-blockage/index.html","/assets/cases/mokpo-drain-blockage/10.webp","목포 하수구막힘 현장 작업 과정 10","목포 하수구막힘 현장 작업 과정 10"
"cases--gwangju-drain-blockage-01","cases/gwangju-drain-blockage/index.html","/assets/cases/gwangju-drain-blockage/01.webp","광주 배관 시공 현장 작업 과정 1","광주 배관 시공 현장 작업 과정 1"
"cases--gwangju-drain-blockage-02","cases/gwangju-drain-blockage/index.html","/assets/cases/gwangju-drain-blockage/02.webp","광주 배관 시공 현장 작업 과정 2","광주 배관 시공 현장 작업 과정 2"
"cases--gwangju-drain-blockage-03","cases/gwangju-drain-blockage/index.html","/assets/cases/gwangju-drain-blockage/03.webp","광주 배관 시공 현장 작업 과정 3","광주 배관 시공 현장 작업 과정 3"
"cases--gwangju-drain-blockage-04","cases/gwangju-drain-blockage/index.html","/assets/cases/gwangju-drain-blockage/04.webp","광주 배관 시공 현장 작업 과정 4","광주 배관 시공 현장 작업 과정 4"
"cases--gwangju-drain-blockage-05","cases/gwangju-drain-blockage/index.html","/assets/cases/gwangju-drain-blockage/05.webp","광주 배관 시공 현장 작업 과정 5","광주 배관 시공 현장 작업 과정 5"
"cases--gwangju-drain-blockage-06","cases/gwangju-drain-blockage/index.html","/assets/cases/gwangju-drain-blockage/06.webp","광주 배관 시공 현장 작업 과정 6","광주 배관 시공 현장 작업 과정 6"
"cases--gwangju-drain-blockage-07","cases/gwangju-drain-blockage/index.html","/assets/cases/gwangju-drain-blockage/07.webp","광주 배관 시공 현장 작업 과정 7","광주 배관 시공 현장 작업 과정 7"
"cases--gwangju-drain-blockage-08","cases/gwangju-drain-blockage/index.html","/assets/cases/gwangju-drain-blockage/08.webp","광주 배관 시공 현장 작업 과정 8","광주 배관 시공 현장 작업 과정 8"
"cases--gwangju-drain-blockage-09","cases/gwangju-drain-blockage/index.html","/assets/cases/gwangju-drain-blockage/09.webp","광주 배관 시공 현장 작업 과정 9","광주 배관 시공 현장 작업 과정 9"
"cases--gwangju-drain-blockage-10","cases/gwangju-drain-blockage/index.html","/assets/cases/gwangju-drain-blockage/10.webp","광주 배관 시공 현장 작업 과정 10","광주 배관 시공 현장 작업 과정 10"
"cases--gwangju-drain-blockage-11","cases/gwangju-drain-blockage/index.html","/assets/cases/gwangju-drain-blockage/11.webp","광주 배관 시공 현장 작업 과정 11","광주 배관 시공 현장 작업 과정 11"
"cases--gwangju-drain-blockage-12","cases/gwangju-drain-blockage/index.html","/assets/cases/gwangju-drain-blockage/12.webp","광주 배관 시공 현장 작업 과정 12","광주 배관 시공 현장 작업 과정 12"
"cases--naju-drain-blockage-3-01","cases/naju-drain-blockage-3/index.html","/assets/cases/naju-drain-blockage-3/01.webp","나주 배관 시공 현장 작업 과정 1","나주 배관 시공 현장 작업 과정 1"
"cases--naju-drain-blockage-3-02","cases/naju-drain-blockage-3/index.html","/assets/cases/naju-drain-blockage-3/02.webp","나주 배관 시공 현장 작업 과정 2","나주 배관 시공 현장 작업 과정 2"
"cases--naju-drain-blockage-3-03","cases/naju-drain-blockage-3/index.html","/assets/cases/naju-drain-blockage-3/03.webp","나주 배관 시공 현장 작업 과정 3","나주 배관 시공 현장 작업 과정 3"
"cases--naju-drain-blockage-3-04","cases/naju-drain-blockage-3/index.html","/assets/cases/naju-drain-blockage-3/04.webp","나주 배관 시공 현장 작업 과정 4","나주 배관 시공 현장 작업 과정 4"
"cases--naju-drain-blockage-3-05","cases/naju-drain-blockage-3/index.html","/assets/cases/naju-drain-blockage-3/05.webp","나주 배관 시공 현장 작업 과정 5","나주 배관 시공 현장 작업 과정 5"
"cases--naju-drain-blockage-3-06","cases/naju-drain-blockage-3/index.html","/assets/cases/naju-drain-blockage-3/06.webp","나주 배관 시공 현장 작업 과정 6","나주 배관 시공 현장 작업 과정 6"
"cases--naju-drain-blockage-3-07","cases/naju-drain-blockage-3/index.html","/assets/cases/naju-drain-blockage-3/07.webp","나주 배관 시공 현장 작업 과정 7","나주 배관 시공 현장 작업 과정 7"
"cases--naju-drain-blockage-3-08","cases/naju-drain-blockage-3/index.html","/assets/cases/naju-drain-blockage-3/08.webp","나주 배관 시공 현장 작업 과정 8","나주 배관 시공 현장 작업 과정 8"
"cases--naju-drain-blockage-3-09","cases/naju-drain-blockage-3/index.html","/assets/cases/naju-drain-blockage-3/09.webp","나주 배관 시공 현장 작업 과정 9","나주 배관 시공 현장 작업 과정 9"
"cases--naju-drain-blockage-3-10","cases/naju-drain-blockage-3/index.html","/assets/cases/naju-drain-blockage-3/10.webp","나주 배관 시공 현장 작업 과정 10","나주 배관 시공 현장 작업 과정 10"
"cases--naju-drain-blockage-3-11","cases/naju-drain-blockage-3/index.html","/assets/cases/naju-drain-blockage-3/11.webp","나주 배관 시공 현장 작업 과정 11","나주 배관 시공 현장 작업 과정 11"
"cases--naju-drain-blockage-3-12","cases/naju-drain-blockage-3/index.html","/assets/cases/naju-drain-blockage-3/12.webp","나주 배관 시공 현장 작업 과정 12","나주 배관 시공 현장 작업 과정 12"
"cases--suncheon-drain-blockage-3-01","cases/suncheon-drain-blockage-3/index.html","/assets/cases/suncheon-drain-blockage-3/01.webp","순천 배관 시공 현장 작업 과정 1","순천 배관 시공 현장 작업 과정 1"
"cases--suncheon-drain-blockage-3-02","cases/suncheon-drain-blockage-3/index.html","/assets/cases/suncheon-drain-blockage-3/02.webp","순천 배관 시공 현장 작업 과정 2","순천 배관 시공 현장 작업 과정 2"
"cases--suncheon-drain-blockage-3-03","cases/suncheon-drain-blockage-3/index.html","/assets/cases/suncheon-drain-blockage-3/03.webp","순천 배관 시공 현장 작업 과정 3","순천 배관 시공 현장 작업 과정 3"
"cases--suncheon-drain-blockage-3-04","cases/suncheon-drain-blockage-3/index.html","/assets/cases/suncheon-drain-blockage-3/04.webp","순천 배관 시공 현장 작업 과정 4","순천 배관 시공 현장 작업 과정 4"
"cases--suncheon-drain-blockage-3-05","cases/suncheon-drain-blockage-3/index.html","/assets/cases/suncheon-drain-blockage-3/05.webp","순천 배관 시공 현장 작업 과정 5","순천 배관 시공 현장 작업 과정 5"
"cases--suncheon-drain-blockage-3-06","cases/suncheon-drain-blockage-3/index.html","/assets/cases/suncheon-drain-blockage-3/06.webp","순천 배관 시공 현장 작업 과정 6","순천 배관 시공 현장 작업 과정 6"
"cases--suncheon-drain-blockage-3-07","cases/suncheon-drain-blockage-3/index.html","/assets/cases/suncheon-drain-blockage-3/07.webp","순천 배관 시공 현장 작업 과정 7","순천 배관 시공 현장 작업 과정 7"
"cases--suncheon-drain-blockage-3-08","cases/suncheon-drain-blockage-3/index.html","/assets/cases/suncheon-drain-blockage-3/08.webp","순천 배관 시공 현장 작업 과정 8","순천 배관 시공 현장 작업 과정 8"
"cases--suncheon-drain-blockage-3-09","cases/suncheon-drain-blockage-3/index.html","/assets/cases/suncheon-drain-blockage-3/09.webp","순천 배관 시공 현장 작업 과정 9","순천 배관 시공 현장 작업 과정 9"
"cases--suncheon-drain-blockage-3-10","cases/suncheon-drain-blockage-3/index.html","/assets/cases/suncheon-drain-blockage-3/10.webp","순천 배관 시공 현장 작업 과정 10","순천 배관 시공 현장 작업 과정 10"
"cases--suncheon-drain-blockage-3-11","cases/suncheon-drain-blockage-3/index.html","/assets/cases/suncheon-drain-blockage-3/11.webp","순천 배관 시공 현장 작업 과정 11","순천 배관 시공 현장 작업 과정 11"
"cases--suncheon-drain-blockage-3-12","cases/suncheon-drain-blockage-3/index.html","/assets/cases/suncheon-drain-blockage-3/12.webp","순천 배관 시공 현장 작업 과정 12","순천 배관 시공 현장 작업 과정 12"
"cases--mokpo-drain-blockage-2-01","cases/mokpo-drain-blockage-2/index.html","/assets/cases/mokpo-drain-blockage-2/01.webp","목포 커피숍 배수구 막힘 현장 확인","커피숍 배수구 막힘 상태 확인"
"cases--mokpo-drain-blockage-2-02","cases/mokpo-drain-blockage-2/index.html","/assets/cases/mokpo-drain-blockage-2/02.webp","배관내시경으로 내부 이물질 확인","배관내시경을 이용한 내부 점검"
"cases--mokpo-drain-blockage-2-03","cases/mokpo-drain-blockage-2/index.html","/assets/cases/mokpo-drain-blockage-2/03.webp","배수관 내벽에 쌓인 유지방 슬러지","배수관 내벽의 유지방 슬러지"
"cases--mokpo-drain-blockage-2-04","cases/mokpo-drain-blockage-2/index.html","/assets/cases/mokpo-drain-blockage-2/04.webp","회전 세척 장비 투입 준비","회전 세척 장비 투입 준비"
"cases--mokpo-drain-blockage-2-05","cases/mokpo-drain-blockage-2/index.html","/assets/cases/mokpo-drain-blockage-2/05.webp","플렉스샤프트로 배관 내벽 세척","플렉스샤프트 배관 세척"
"cases--mokpo-drain-blockage-2-06","cases/mokpo-drain-blockage-2/index.html","/assets/cases/mokpo-drain-blockage-2/06.webp","석션 장비로 분쇄된 이물질 흡입","분쇄된 이물질 석션 작업"
"cases--mokpo-drain-blockage-2-07","cases/mokpo-drain-blockage-2/index.html","/assets/cases/mokpo-drain-blockage-2/07.webp","세척 후 배관 내부 재점검","세척 후 배관 내부 재확인"
"cases--mokpo-drain-blockage-2-08","cases/mokpo-drain-blockage-2/index.html","/assets/cases/mokpo-drain-blockage-2/08.webp","목포 숙박업체 맨홀 역류 현장","숙박업체 맨홀 역류 상태"
"cases--mokpo-drain-blockage-2-09","cases/mokpo-drain-blockage-2/index.html","/assets/cases/mokpo-drain-blockage-2/09.webp","외부 배관 관로 위치 확인","외부 배관 관로 위치 점검"
"cases--mokpo-drain-blockage-2-10","cases/mokpo-drain-blockage-2/index.html","/assets/cases/mokpo-drain-blockage-2/10.webp","숙박업체 배수관 내부 혼합 이물질","배수관 내부 혼합 이물질"
"cases--mokpo-drain-blockage-2-11","cases/mokpo-drain-blockage-2/index.html","/assets/cases/mokpo-drain-blockage-2/11.webp","메인배관 세척 작업 과정","메인배관 세척 작업"
"cases--mokpo-drain-blockage-2-12","cases/mokpo-drain-blockage-2/index.html","/assets/cases/mokpo-drain-blockage-2/12.webp","작업 후 통수 상태 최종 확인","작업 후 통수 상태 확인"
"cases--suncheon-sink-blockage-01","cases/suncheon-sink-blockage/index.html","/assets/cases/suncheon-sink-blockage/01.webp","순천 배관 시공 현장 작업 과정 1","순천 배관 시공 현장 작업 과정 1"
"cases--suncheon-sink-blockage-02","cases/suncheon-sink-blockage/index.html","/assets/cases/suncheon-sink-blockage/02.webp","순천 배관 시공 현장 작업 과정 2","순천 배관 시공 현장 작업 과정 2"
"cases--suncheon-sink-blockage-03","cases/suncheon-sink-blockage/index.html","/assets/cases/suncheon-sink-blockage/03.webp","순천 배관 시공 현장 작업 과정 3","순천 배관 시공 현장 작업 과정 3"
"cases--suncheon-sink-blockage-04","cases/suncheon-sink-blockage/index.html","/assets/cases/suncheon-sink-blockage/04.webp","순천 배관 시공 현장 작업 과정 4","순천 배관 시공 현장 작업 과정 4"
"cases--suncheon-sink-blockage-05","cases/suncheon-sink-blockage/index.html","/assets/cases/suncheon-sink-blockage/05.webp","순천 배관 시공 현장 작업 과정 5","순천 배관 시공 현장 작업 과정 5"
"cases--suncheon-sink-blockage-06","cases/suncheon-sink-blockage/index.html","/assets/cases/suncheon-sink-blockage/06.webp","순천 배관 시공 현장 작업 과정 6","순천 배관 시공 현장 작업 과정 6"
"cases--suncheon-sink-blockage-07","cases/suncheon-sink-blockage/index.html","/assets/cases/suncheon-sink-blockage/07.webp","순천 배관 시공 현장 작업 과정 7","순천 배관 시공 현장 작업 과정 7"
"cases--suncheon-sink-blockage-08","cases/suncheon-sink-blockage/index.html","/assets/cases/suncheon-sink-blockage/08.webp","순천 배관 시공 현장 작업 과정 8","순천 배관 시공 현장 작업 과정 8"
"cases--suncheon-sink-blockage-09","cases/suncheon-sink-blockage/index.html","/assets/cases/suncheon-sink-blockage/09.webp","순천 배관 시공 현장 작업 과정 9","순천 배관 시공 현장 작업 과정 9"
"cases--suncheon-sink-blockage-10","cases/suncheon-sink-blockage/index.html","/assets/cases/suncheon-sink-blockage/10.webp","순천 배관 시공 현장 작업 과정 10","순천 배관 시공 현장 작업 과정 10"
"cases--suncheon-sink-blockage-11","cases/suncheon-sink-blockage/index.html","/assets/cases/suncheon-sink-blockage/11.webp","순천 배관 시공 현장 작업 과정 11","순천 배관 시공 현장 작업 과정 11"
"cases--suncheon-sink-blockage-12","cases/suncheon-sink-blockage/index.html","/assets/cases/suncheon-sink-blockage/12.webp","순천 배관 시공 현장 작업 과정 12","순천 배관 시공 현장 작업 과정 12"
"cases--suncheon-drain-blockage-01","cases/suncheon-drain-blockage/index.html","/assets/cases/suncheon-drain-blockage/01.webp","순천 하수구막힘 현장 작업 과정 1","순천 하수구막힘 현장 작업 과정 1"
"cases--suncheon-drain-blockage-02","cases/suncheon-drain-blockage/index.html","/assets/cases/suncheon-drain-blockage/02.webp","순천 하수구막힘 현장 작업 과정 2","순천 하수구막힘 현장 작업 과정 2"
"cases--suncheon-drain-blockage-03","cases/suncheon-drain-blockage/index.html","/assets/cases/suncheon-drain-blockage/03.webp","순천 하수구막힘 현장 작업 과정 3","순천 하수구막힘 현장 작업 과정 3"
"cases--suncheon-drain-blockage-04","cases/suncheon-drain-blockage/index.html","/assets/cases/suncheon-drain-blockage/04.webp","순천 하수구막힘 현장 작업 과정 4","순천 하수구막힘 현장 작업 과정 4"
"cases--suncheon-drain-blockage-05","cases/suncheon-drain-blockage/index.html","/assets/cases/suncheon-drain-blockage/05.webp","순천 하수구막힘 현장 작업 과정 5","순천 하수구막힘 현장 작업 과정 5"
"cases--suncheon-drain-blockage-06","cases/suncheon-drain-blockage/index.html","/assets/cases/suncheon-drain-blockage/06.webp","순천 하수구막힘 현장 작업 과정 6","순천 하수구막힘 현장 작업 과정 6"
"cases--suncheon-drain-blockage-07","cases/suncheon-drain-blockage/index.html","/assets/cases/suncheon-drain-blockage/07.webp","순천 하수구막힘 현장 작업 과정 7","순천 하수구막힘 현장 작업 과정 7"
"cases--suncheon-drain-blockage-08","cases/suncheon-drain-blockage/index.html","/assets/cases/suncheon-drain-blockage/08.webp","순천 하수구막힘 현장 작업 과정 8","순천 하수구막힘 현장 작업 과정 8"
"cases--suncheon-drain-blockage-09","cases/suncheon-drain-blockage/index.html","/assets/cases/suncheon-drain-blockage/09.webp","순천 하수구막힘 현장 작업 과정 9","순천 하수구막힘 현장 작업 과정 9"
"cases--suncheon-drain-blockage-10","cases/suncheon-drain-blockage/index.html","/assets/cases/suncheon-drain-blockage/10.webp","순천 하수구막힘 현장 작업 과정 10","순천 하수구막힘 현장 작업 과정 10"
"cases--yeonggwang-toilet-blockage-2-01","cases/yeonggwang-toilet-blockage-2/index.html","/assets/cases/yeonggwang-toilet-blockage-2/01.webp","영광 배관 시공 현장 작업 과정 1","영광 배관 시공 현장 작업 과정 1"
"cases--yeonggwang-toilet-blockage-2-02","cases/yeonggwang-toilet-blockage-2/index.html","/assets/cases/yeonggwang-toilet-blockage-2/02.webp","영광 배관 시공 현장 작업 과정 2","영광 배관 시공 현장 작업 과정 2"
"cases--yeonggwang-toilet-blockage-2-03","cases/yeonggwang-toilet-blockage-2/index.html","/assets/cases/yeonggwang-toilet-blockage-2/03.webp","영광 배관 시공 현장 작업 과정 3","영광 배관 시공 현장 작업 과정 3"
"cases--yeonggwang-toilet-blockage-2-04","cases/yeonggwang-toilet-blockage-2/index.html","/assets/cases/yeonggwang-toilet-blockage-2/04.webp","영광 배관 시공 현장 작업 과정 4","영광 배관 시공 현장 작업 과정 4"
"cases--yeonggwang-toilet-blockage-2-05","cases/yeonggwang-toilet-blockage-2/index.html","/assets/cases/yeonggwang-toilet-blockage-2/05.webp","영광 배관 시공 현장 작업 과정 5","영광 배관 시공 현장 작업 과정 5"
"cases--yeonggwang-toilet-blockage-2-06","cases/yeonggwang-toilet-blockage-2/index.html","/assets/cases/yeonggwang-toilet-blockage-2/06.webp","영광 배관 시공 현장 작업 과정 6","영광 배관 시공 현장 작업 과정 6"
"cases--yeonggwang-toilet-blockage-2-07","cases/yeonggwang-toilet-blockage-2/index.html","/assets/cases/yeonggwang-toilet-blockage-2/07.webp","영광 배관 시공 현장 작업 과정 7","영광 배관 시공 현장 작업 과정 7"
"cases--yeonggwang-toilet-blockage-2-08","cases/yeonggwang-toilet-blockage-2/index.html","/assets/cases/yeonggwang-toilet-blockage-2/08.webp","영광 배관 시공 현장 작업 과정 8","영광 배관 시공 현장 작업 과정 8"
"cases--yeonggwang-toilet-blockage-2-09","cases/yeonggwang-toilet-blockage-2/index.html","/assets/cases/yeonggwang-toilet-blockage-2/09.webp","영광 배관 시공 현장 작업 과정 9","영광 배관 시공 현장 작업 과정 9"
"cases--yeonggwang-toilet-blockage-2-10","cases/yeonggwang-toilet-blockage-2/index.html","/assets/cases/yeonggwang-toilet-blockage-2/10.webp","영광 배관 시공 현장 작업 과정 10","영광 배관 시공 현장 작업 과정 10"
"cases--yeonggwang-toilet-blockage-2-11","cases/yeonggwang-toilet-blockage-2/index.html","/assets/cases/yeonggwang-toilet-blockage-2/11.webp","영광 배관 시공 현장 작업 과정 11","영광 배관 시공 현장 작업 과정 11"
"cases--yeonggwang-toilet-blockage-2-12","cases/yeonggwang-toilet-blockage-2/index.html","/assets/cases/yeonggwang-toilet-blockage-2/12.webp","영광 배관 시공 현장 작업 과정 12","영광 배관 시공 현장 작업 과정 12"
"cases--gurye-drain-blockage-01","cases/gurye-drain-blockage/index.html","/assets/cases/gurye-drain-blockage/01.webp","구례 하수구막힘 현장 작업 과정 1","구례 하수구막힘 현장 작업 과정 1"
"cases--gurye-drain-blockage-02","cases/gurye-drain-blockage/index.html","/assets/cases/gurye-drain-blockage/02.webp","구례 하수구막힘 현장 작업 과정 2","구례 하수구막힘 현장 작업 과정 2"
"cases--gurye-drain-blockage-03","cases/gurye-drain-blockage/index.html","/assets/cases/gurye-drain-blockage/03.webp","구례 하수구막힘 현장 작업 과정 3","구례 하수구막힘 현장 작업 과정 3"
"cases--gurye-drain-blockage-04","cases/gurye-drain-blockage/index.html","/assets/cases/gurye-drain-blockage/04.webp","구례 하수구막힘 현장 작업 과정 4","구례 하수구막힘 현장 작업 과정 4"
"cases--gurye-drain-blockage-05","cases/gurye-drain-blockage/index.html","/assets/cases/gurye-drain-blockage/05.webp","구례 하수구막힘 현장 작업 과정 5","구례 하수구막힘 현장 작업 과정 5"
"cases--gurye-drain-blockage-06","cases/gurye-drain-blockage/index.html","/assets/cases/gurye-drain-blockage/06.webp","구례 하수구막힘 현장 작업 과정 6","구례 하수구막힘 현장 작업 과정 6"
"cases--gurye-drain-blockage-07","cases/gurye-drain-blockage/index.html","/assets/cases/gurye-drain-blockage/07.webp","구례 하수구막힘 현장 작업 과정 7","구례 하수구막힘 현장 작업 과정 7"
"cases--gurye-drain-blockage-08","cases/gurye-drain-blockage/index.html","/assets/cases/gurye-drain-blockage/08.webp","구례 하수구막힘 현장 작업 과정 8","구례 하수구막힘 현장 작업 과정 8"
"cases--gurye-drain-blockage-09","cases/gurye-drain-blockage/index.html","/assets/cases/gurye-drain-blockage/09.webp","구례 하수구막힘 현장 작업 과정 9","구례 하수구막힘 현장 작업 과정 9"
"cases--gurye-drain-blockage-10","cases/gurye-drain-blockage/index.html","/assets/cases/gurye-drain-blockage/10.webp","구례 하수구막힘 현장 작업 과정 10","구례 하수구막힘 현장 작업 과정 10"
"cases--naju-drain-blockage-2-01","cases/naju-drain-blockage-2/index.html","/assets/cases/naju-drain-blockage-2/01.webp","나주 하수구 시공 현장 작업 과정 1","나주 하수구 시공 현장 작업 과정 1"
"cases--naju-drain-blockage-2-02","cases/naju-drain-blockage-2/index.html","/assets/cases/naju-drain-blockage-2/02.webp","나주 하수구 시공 현장 작업 과정 2","나주 하수구 시공 현장 작업 과정 2"
"cases--naju-drain-blockage-2-03","cases/naju-drain-blockage-2/index.html","/assets/cases/naju-drain-blockage-2/03.webp","나주 하수구 시공 현장 작업 과정 3","나주 하수구 시공 현장 작업 과정 3"
"cases--naju-drain-blockage-2-04","cases/naju-drain-blockage-2/index.html","/assets/cases/naju-drain-blockage-2/04.webp","나주 하수구 시공 현장 작업 과정 4","나주 하수구 시공 현장 작업 과정 4"
"cases--naju-drain-blockage-2-05","cases/naju-drain-blockage-2/index.html","/assets/cases/naju-drain-blockage-2/05.webp","나주 하수구 시공 현장 작업 과정 5","나주 하수구 시공 현장 작업 과정 5"
"cases--naju-drain-blockage-2-06","cases/naju-drain-blockage-2/index.html","/assets/cases/naju-drain-blockage-2/06.webp","나주 하수구 시공 현장 작업 과정 6","나주 하수구 시공 현장 작업 과정 6"
"cases--naju-drain-blockage-2-07","cases/naju-drain-blockage-2/index.html","/assets/cases/naju-drain-blockage-2/07.webp","나주 하수구 시공 현장 작업 과정 7","나주 하수구 시공 현장 작업 과정 7"
"cases--naju-drain-blockage-2-08","cases/naju-drain-blockage-2/index.html","/assets/cases/naju-drain-blockage-2/08.webp","나주 하수구 시공 현장 작업 과정 8","나주 하수구 시공 현장 작업 과정 8"
"cases--naju-drain-blockage-2-09","cases/naju-drain-blockage-2/index.html","/assets/cases/naju-drain-blockage-2/09.webp","나주 하수구 시공 현장 작업 과정 9","나주 하수구 시공 현장 작업 과정 9"
"cases--naju-drain-blockage-2-10","cases/naju-drain-blockage-2/index.html","/assets/cases/naju-drain-blockage-2/10.webp","나주 하수구 시공 현장 작업 과정 10","나주 하수구 시공 현장 작업 과정 10"
"cases--naju-drain-blockage-2-11","cases/naju-drain-blockage-2/index.html","/assets/cases/naju-drain-blockage-2/11.webp","나주 하수구 시공 현장 작업 과정 11","나주 하수구 시공 현장 작업 과정 11"
"cases--naju-drain-blockage-2-12","cases/naju-drain-blockage-2/index.html","/assets/cases/naju-drain-blockage-2/12.webp","나주 하수구 시공 현장 작업 과정 12","나주 하수구 시공 현장 작업 과정 12"
"cases--jangseong-drain-blockage-01","cases/jangseong-drain-blockage/index.html","/assets/cases/jangseong-drain-blockage/01.webp","장성 배관 시공 현장 작업 과정 1","장성 배관 시공 현장 작업 과정 1"
"cases--jangseong-drain-blockage-02","cases/jangseong-drain-blockage/index.html","/assets/cases/jangseong-drain-blockage/02.webp","장성 배관 시공 현장 작업 과정 2","장성 배관 시공 현장 작업 과정 2"
"cases--jangseong-drain-blockage-03","cases/jangseong-drain-blockage/index.html","/assets/cases/jangseong-drain-blockage/03.webp","장성 배관 시공 현장 작업 과정 3","장성 배관 시공 현장 작업 과정 3"
"cases--jangseong-drain-blockage-04","cases/jangseong-drain-blockage/index.html","/assets/cases/jangseong-drain-blockage/04.webp","장성 배관 시공 현장 작업 과정 4","장성 배관 시공 현장 작업 과정 4"
"cases--jangseong-drain-blockage-05","cases/jangseong-drain-blockage/index.html","/assets/cases/jangseong-drain-blockage/05.webp","장성 배관 시공 현장 작업 과정 5","장성 배관 시공 현장 작업 과정 5"
"cases--jangseong-drain-blockage-06","cases/jangseong-drain-blockage/index.html","/assets/cases/jangseong-drain-blockage/06.webp","장성 배관 시공 현장 작업 과정 6","장성 배관 시공 현장 작업 과정 6"
"cases--jangseong-drain-blockage-07","cases/jangseong-drain-blockage/index.html","/assets/cases/jangseong-drain-blockage/07.webp","장성 배관 시공 현장 작업 과정 7","장성 배관 시공 현장 작업 과정 7"
"cases--jangseong-drain-blockage-08","cases/jangseong-drain-blockage/index.html","/assets/cases/jangseong-drain-blockage/08.webp","장성 배관 시공 현장 작업 과정 8","장성 배관 시공 현장 작업 과정 8"
"cases--jangseong-drain-blockage-09","cases/jangseong-drain-blockage/index.html","/assets/cases/jangseong-drain-blockage/09.webp","장성 배관 시공 현장 작업 과정 9","장성 배관 시공 현장 작업 과정 9"
"cases--jangseong-drain-blockage-10","cases/jangseong-drain-blockage/index.html","/assets/cases/jangseong-drain-blockage/10.webp","장성 배관 시공 현장 작업 과정 10","장성 배관 시공 현장 작업 과정 10"
"cases--jangseong-drain-blockage-11","cases/jangseong-drain-blockage/index.html","/assets/cases/jangseong-drain-blockage/11.webp","장성 배관 시공 현장 작업 과정 11","장성 배관 시공 현장 작업 과정 11"
"cases--jangseong-drain-blockage-12","cases/jangseong-drain-blockage/index.html","/assets/cases/jangseong-drain-blockage/12.webp","장성 배관 시공 현장 작업 과정 12","장성 배관 시공 현장 작업 과정 12"
"cases--gwangju-seogu-drain-cleaning-01","cases/gwangju-seogu-drain-cleaning/index.html","/assets/cases/gwangju-seogu-drain-cleaning/01.webp","광주 서구 하수구 시공 현장 작업 과정 1","광주 서구 하수구 시공 현장 작업 과정 1"
"cases--gwangju-seogu-drain-cleaning-02","cases/gwangju-seogu-drain-cleaning/index.html","/assets/cases/gwangju-seogu-drain-cleaning/02.webp","광주 서구 하수구 시공 현장 작업 과정 2","광주 서구 하수구 시공 현장 작업 과정 2"
"cases--gwangju-seogu-drain-cleaning-03","cases/gwangju-seogu-drain-cleaning/index.html","/assets/cases/gwangju-seogu-drain-cleaning/03.webp","광주 서구 하수구 시공 현장 작업 과정 3","광주 서구 하수구 시공 현장 작업 과정 3"
"cases--gwangju-seogu-drain-cleaning-04","cases/gwangju-seogu-drain-cleaning/index.html","/assets/cases/gwangju-seogu-drain-cleaning/04.webp","광주 서구 하수구 시공 현장 작업 과정 4","광주 서구 하수구 시공 현장 작업 과정 4"
"cases--gwangju-seogu-drain-cleaning-05","cases/gwangju-seogu-drain-cleaning/index.html","/assets/cases/gwangju-seogu-drain-cleaning/05.webp","광주 서구 하수구 시공 현장 작업 과정 5","광주 서구 하수구 시공 현장 작업 과정 5"
"cases--gwangju-seogu-drain-cleaning-06","cases/gwangju-seogu-drain-cleaning/index.html","/assets/cases/gwangju-seogu-drain-cleaning/06.webp","광주 서구 하수구 시공 현장 작업 과정 6","광주 서구 하수구 시공 현장 작업 과정 6"
"cases--gwangju-seogu-drain-cleaning-07","cases/gwangju-seogu-drain-cleaning/index.html","/assets/cases/gwangju-seogu-drain-cleaning/07.webp","광주 서구 하수구 시공 현장 작업 과정 7","광주 서구 하수구 시공 현장 작업 과정 7"
"cases--gwangju-seogu-drain-cleaning-08","cases/gwangju-seogu-drain-cleaning/index.html","/assets/cases/gwangju-seogu-drain-cleaning/08.webp","광주 서구 하수구 시공 현장 작업 과정 8","광주 서구 하수구 시공 현장 작업 과정 8"
"cases--gwangju-seogu-drain-cleaning-09","cases/gwangju-seogu-drain-cleaning/index.html","/assets/cases/gwangju-seogu-drain-cleaning/09.webp","광주 서구 하수구 시공 현장 작업 과정 9","광주 서구 하수구 시공 현장 작업 과정 9"
"cases--gwangju-seogu-drain-cleaning-10","cases/gwangju-seogu-drain-cleaning/index.html","/assets/cases/gwangju-seogu-drain-cleaning/10.webp","광주 서구 하수구 시공 현장 작업 과정 10","광주 서구 하수구 시공 현장 작업 과정 10"
"cases--gwangju-seogu-drain-cleaning-11","cases/gwangju-seogu-drain-cleaning/index.html","/assets/cases/gwangju-seogu-drain-cleaning/11.webp","광주 서구 하수구 시공 현장 작업 과정 11","광주 서구 하수구 시공 현장 작업 과정 11"
"cases--gwangju-seogu-drain-cleaning-12","cases/gwangju-seogu-drain-cleaning/index.html","/assets/cases/gwangju-seogu-drain-cleaning/12.webp","광주 서구 하수구 시공 현장 작업 과정 12","광주 서구 하수구 시공 현장 작업 과정 12"
"cases--mokpo-drain-cleaning-2-01","cases/mokpo-drain-cleaning-2/index.html","/assets/cases/mokpo-drain-cleaning-2/01.webp","목포 하수구 시공 현장 작업 과정 1","목포 하수구 시공 현장 작업 과정 1"
"cases--mokpo-drain-cleaning-2-02","cases/mokpo-drain-cleaning-2/index.html","/assets/cases/mokpo-drain-cleaning-2/02.webp","목포 하수구 시공 현장 작업 과정 2","목포 하수구 시공 현장 작업 과정 2"
"cases--mokpo-drain-cleaning-2-03","cases/mokpo-drain-cleaning-2/index.html","/assets/cases/mokpo-drain-cleaning-2/03.webp","목포 하수구 시공 현장 작업 과정 3","목포 하수구 시공 현장 작업 과정 3"
"cases--mokpo-drain-cleaning-2-04","cases/mokpo-drain-cleaning-2/index.html","/assets/cases/mokpo-drain-cleaning-2/04.webp","목포 하수구 시공 현장 작업 과정 4","목포 하수구 시공 현장 작업 과정 4"
"cases--mokpo-drain-cleaning-2-05","cases/mokpo-drain-cleaning-2/index.html","/assets/cases/mokpo-drain-cleaning-2/05.webp","목포 하수구 시공 현장 작업 과정 5","목포 하수구 시공 현장 작업 과정 5"
"cases--mokpo-drain-cleaning-2-06","cases/mokpo-drain-cleaning-2/index.html","/assets/cases/mokpo-drain-cleaning-2/06.webp","목포 하수구 시공 현장 작업 과정 6","목포 하수구 시공 현장 작업 과정 6"
"cases--mokpo-drain-cleaning-2-07","cases/mokpo-drain-cleaning-2/index.html","/assets/cases/mokpo-drain-cleaning-2/07.webp","목포 하수구 시공 현장 작업 과정 7","목포 하수구 시공 현장 작업 과정 7"
"cases--mokpo-drain-cleaning-2-08","cases/mokpo-drain-cleaning-2/index.html","/assets/cases/mokpo-drain-cleaning-2/08.webp","목포 하수구 시공 현장 작업 과정 8","목포 하수구 시공 현장 작업 과정 8"
"cases--mokpo-drain-cleaning-2-09","cases/mokpo-drain-cleaning-2/index.html","/assets/cases/mokpo-drain-cleaning-2/09.webp","목포 하수구 시공 현장 작업 과정 9","목포 하수구 시공 현장 작업 과정 9"
"cases--mokpo-drain-cleaning-2-10","cases/mokpo-drain-cleaning-2/index.html","/assets/cases/mokpo-drain-cleaning-2/10.webp","목포 하수구 시공 현장 작업 과정 10","목포 하수구 시공 현장 작업 과정 10"
"cases--mokpo-drain-cleaning-2-11","cases/mokpo-drain-cleaning-2/index.html","/assets/cases/mokpo-drain-cleaning-2/11.webp","목포 하수구 시공 현장 작업 과정 11","목포 하수구 시공 현장 작업 과정 11"
"cases--mokpo-drain-cleaning-2-12","cases/mokpo-drain-cleaning-2/index.html","/assets/cases/mokpo-drain-cleaning-2/12.webp","목포 하수구 시공 현장 작업 과정 12","목포 하수구 시공 현장 작업 과정 12"
"cases--suncheon-drain-blockage-2-01","cases/suncheon-drain-blockage-2/index.html","/assets/cases/suncheon-drain-blockage-2/01.webp","순천 배관 시공 현장 작업 과정 1","순천 배관 시공 현장 작업 과정 1"
"cases--suncheon-drain-blockage-2-02","cases/suncheon-drain-blockage-2/index.html","/assets/cases/suncheon-drain-blockage-2/02.webp","순천 배관 시공 현장 작업 과정 2","순천 배관 시공 현장 작업 과정 2"
"cases--suncheon-drain-blockage-2-03","cases/suncheon-drain-blockage-2/index.html","/assets/cases/suncheon-drain-blockage-2/03.webp","순천 배관 시공 현장 작업 과정 3","순천 배관 시공 현장 작업 과정 3"
"cases--suncheon-drain-blockage-2-04","cases/suncheon-drain-blockage-2/index.html","/assets/cases/suncheon-drain-blockage-2/04.webp","순천 배관 시공 현장 작업 과정 4","순천 배관 시공 현장 작업 과정 4"
"cases--suncheon-drain-blockage-2-05","cases/suncheon-drain-blockage-2/index.html","/assets/cases/suncheon-drain-blockage-2/05.webp","순천 배관 시공 현장 작업 과정 5","순천 배관 시공 현장 작업 과정 5"
"cases--suncheon-drain-blockage-2-06","cases/suncheon-drain-blockage-2/index.html","/assets/cases/suncheon-drain-blockage-2/06.webp","순천 배관 시공 현장 작업 과정 6","순천 배관 시공 현장 작업 과정 6"
"cases--suncheon-drain-blockage-2-07","cases/suncheon-drain-blockage-2/index.html","/assets/cases/suncheon-drain-blockage-2/07.webp","순천 배관 시공 현장 작업 과정 7","순천 배관 시공 현장 작업 과정 7"
"cases--suncheon-drain-blockage-2-08","cases/suncheon-drain-blockage-2/index.html","/assets/cases/suncheon-drain-blockage-2/08.webp","순천 배관 시공 현장 작업 과정 8","순천 배관 시공 현장 작업 과정 8"
"cases--suncheon-drain-blockage-2-09","cases/suncheon-drain-blockage-2/index.html","/assets/cases/suncheon-drain-blockage-2/09.webp","순천 배관 시공 현장 작업 과정 9","순천 배관 시공 현장 작업 과정 9"
"cases--suncheon-drain-blockage-2-10","cases/suncheon-drain-blockage-2/index.html","/assets/cases/suncheon-drain-blockage-2/10.webp","순천 배관 시공 현장 작업 과정 10","순천 배관 시공 현장 작업 과정 10"
"cases--suncheon-drain-blockage-2-11","cases/suncheon-drain-blockage-2/index.html","/assets/cases/suncheon-drain-blockage-2/11.webp","순천 배관 시공 현장 작업 과정 11","순천 배관 시공 현장 작업 과정 11"
"cases--suncheon-drain-blockage-2-12","cases/suncheon-drain-blockage-2/index.html","/assets/cases/suncheon-drain-blockage-2/12.webp","순천 배관 시공 현장 작업 과정 12","순천 배관 시공 현장 작업 과정 12"
"cases--jeongeup-drain-blockage-01","cases/jeongeup-drain-blockage/index.html","/assets/cases/jeongeup-drain-blockage/01.webp","정읍 하수구막힘 현장 작업 과정 1","정읍 하수구막힘 현장 작업 과정 1"
"cases--jeongeup-drain-blockage-02","cases/jeongeup-drain-blockage/index.html","/assets/cases/jeongeup-drain-blockage/02.webp","정읍 하수구막힘 현장 작업 과정 2","정읍 하수구막힘 현장 작업 과정 2"
"cases--jeongeup-drain-blockage-03","cases/jeongeup-drain-blockage/index.html","/assets/cases/jeongeup-drain-blockage/03.webp","정읍 하수구막힘 현장 작업 과정 3","정읍 하수구막힘 현장 작업 과정 3"
"cases--iksan-drain-blockage-01","cases/iksan-drain-blockage/index.html","/assets/cases/iksan-drain-blockage/01.webp","익산 하수구막힘 현장 작업 과정 1","익산 하수구막힘 현장 작업 과정 1"
"cases--iksan-drain-blockage-02","cases/iksan-drain-blockage/index.html","/assets/cases/iksan-drain-blockage/02.webp","익산 하수구막힘 현장 작업 과정 2","익산 하수구막힘 현장 작업 과정 2"
"cases--iksan-drain-blockage-03","cases/iksan-drain-blockage/index.html","/assets/cases/iksan-drain-blockage/03.webp","익산 하수구막힘 현장 작업 과정 3","익산 하수구막힘 현장 작업 과정 3"
"cases--yeonggwang-toilet-blockage-01","cases/yeonggwang-toilet-blockage/index.html","/assets/cases/yeonggwang-toilet-blockage/01.webp","영광 배관 시공 현장 작업 과정 1","영광 배관 시공 현장 작업 과정 1"
"cases--yeonggwang-toilet-blockage-02","cases/yeonggwang-toilet-blockage/index.html","/assets/cases/yeonggwang-toilet-blockage/02.webp","영광 배관 시공 현장 작업 과정 2","영광 배관 시공 현장 작업 과정 2"
"cases--yeonggwang-toilet-blockage-03","cases/yeonggwang-toilet-blockage/index.html","/assets/cases/yeonggwang-toilet-blockage/03.webp","영광 배관 시공 현장 작업 과정 3","영광 배관 시공 현장 작업 과정 3"
"cases--yeonggwang-toilet-blockage-04","cases/yeonggwang-toilet-blockage/index.html","/assets/cases/yeonggwang-toilet-blockage/04.webp","영광 배관 시공 현장 작업 과정 4","영광 배관 시공 현장 작업 과정 4"
"cases--yeonggwang-toilet-blockage-05","cases/yeonggwang-toilet-blockage/index.html","/assets/cases/yeonggwang-toilet-blockage/05.webp","영광 배관 시공 현장 작업 과정 5","영광 배관 시공 현장 작업 과정 5"
"cases--yeonggwang-toilet-blockage-06","cases/yeonggwang-toilet-blockage/index.html","/assets/cases/yeonggwang-toilet-blockage/06.webp","영광 배관 시공 현장 작업 과정 6","영광 배관 시공 현장 작업 과정 6"
"cases--yeonggwang-toilet-blockage-07","cases/yeonggwang-toilet-blockage/index.html","/assets/cases/yeonggwang-toilet-blockage/07.webp","영광 배관 시공 현장 작업 과정 7","영광 배관 시공 현장 작업 과정 7"
"cases--yeonggwang-toilet-blockage-08","cases/yeonggwang-toilet-blockage/index.html","/assets/cases/yeonggwang-toilet-blockage/08.webp","영광 배관 시공 현장 작업 과정 8","영광 배관 시공 현장 작업 과정 8"
"cases--yeonggwang-toilet-blockage-09","cases/yeonggwang-toilet-blockage/index.html","/assets/cases/yeonggwang-toilet-blockage/09.webp","영광 배관 시공 현장 작업 과정 9","영광 배관 시공 현장 작업 과정 9"
"cases--yeonggwang-toilet-blockage-10","cases/yeonggwang-toilet-blockage/index.html","/assets/cases/yeonggwang-toilet-blockage/10.webp","영광 배관 시공 현장 작업 과정 10","영광 배관 시공 현장 작업 과정 10"
"cases--yeonggwang-toilet-blockage-11","cases/yeonggwang-toilet-blockage/index.html","/assets/cases/yeonggwang-toilet-blockage/11.webp","영광 배관 시공 현장 작업 과정 11","영광 배관 시공 현장 작업 과정 11"
"cases--yeonggwang-toilet-blockage-12","cases/yeonggwang-toilet-blockage/index.html","/assets/cases/yeonggwang-toilet-blockage/12.webp","영광 배관 시공 현장 작업 과정 12","영광 배관 시공 현장 작업 과정 12"
"cases--yeonggwang-hampyeong-drain-cleaning-01","cases/yeonggwang-hampyeong-drain-cleaning/index.html","/assets/cases/yeonggwang-hampyeong-drain-cleaning/01.webp","영광·함평 하수구 시공 현장 작업 과정 1","영광·함평 하수구 시공 현장 작업 과정 1"
"cases--yeonggwang-hampyeong-drain-cleaning-02","cases/yeonggwang-hampyeong-drain-cleaning/index.html","/assets/cases/yeonggwang-hampyeong-drain-cleaning/02.webp","영광·함평 하수구 시공 현장 작업 과정 2","영광·함평 하수구 시공 현장 작업 과정 2"
"cases--yeonggwang-hampyeong-drain-cleaning-03","cases/yeonggwang-hampyeong-drain-cleaning/index.html","/assets/cases/yeonggwang-hampyeong-drain-cleaning/03.webp","영광·함평 하수구 시공 현장 작업 과정 3","영광·함평 하수구 시공 현장 작업 과정 3"
"cases--yeonggwang-hampyeong-drain-cleaning-04","cases/yeonggwang-hampyeong-drain-cleaning/index.html","/assets/cases/yeonggwang-hampyeong-drain-cleaning/04.webp","영광·함평 하수구 시공 현장 작업 과정 4","영광·함평 하수구 시공 현장 작업 과정 4"
"cases--yeonggwang-hampyeong-drain-cleaning-05","cases/yeonggwang-hampyeong-drain-cleaning/index.html","/assets/cases/yeonggwang-hampyeong-drain-cleaning/05.webp","영광·함평 하수구 시공 현장 작업 과정 5","영광·함평 하수구 시공 현장 작업 과정 5"
"cases--yeonggwang-hampyeong-drain-cleaning-06","cases/yeonggwang-hampyeong-drain-cleaning/index.html","/assets/cases/yeonggwang-hampyeong-drain-cleaning/06.webp","영광·함평 하수구 시공 현장 작업 과정 6","영광·함평 하수구 시공 현장 작업 과정 6"
"cases--yeonggwang-hampyeong-drain-cleaning-07","cases/yeonggwang-hampyeong-drain-cleaning/index.html","/assets/cases/yeonggwang-hampyeong-drain-cleaning/07.webp","영광·함평 하수구 시공 현장 작업 과정 7","영광·함평 하수구 시공 현장 작업 과정 7"
"cases--yeonggwang-hampyeong-drain-cleaning-08","cases/yeonggwang-hampyeong-drain-cleaning/index.html","/assets/cases/yeonggwang-hampyeong-drain-cleaning/08.webp","영광·함평 하수구 시공 현장 작업 과정 8","영광·함평 하수구 시공 현장 작업 과정 8"
"cases--yeonggwang-hampyeong-drain-cleaning-09","cases/yeonggwang-hampyeong-drain-cleaning/index.html","/assets/cases/yeonggwang-hampyeong-drain-cleaning/09.webp","영광·함평 하수구 시공 현장 작업 과정 9","영광·함평 하수구 시공 현장 작업 과정 9"
"cases--yeonggwang-hampyeong-drain-cleaning-10","cases/yeonggwang-hampyeong-drain-cleaning/index.html","/assets/cases/yeonggwang-hampyeong-drain-cleaning/10.webp","영광·함평 하수구 시공 현장 작업 과정 10","영광·함평 하수구 시공 현장 작업 과정 10"
"cases--yeonggwang-hampyeong-drain-cleaning-11","cases/yeonggwang-hampyeong-drain-cleaning/index.html","/assets/cases/yeonggwang-hampyeong-drain-cleaning/11.webp","영광·함평 하수구 시공 현장 작업 과정 11","영광·함평 하수구 시공 현장 작업 과정 11"
"cases--yeonggwang-hampyeong-drain-cleaning-12","cases/yeonggwang-hampyeong-drain-cleaning/index.html","/assets/cases/yeonggwang-hampyeong-drain-cleaning/12.webp","영광·함평 하수구 시공 현장 작업 과정 12","영광·함평 하수구 시공 현장 작업 과정 12"
"cases--gwangju-bukgu-drain-cleaning-01","cases/gwangju-bukgu-drain-cleaning/index.html","/assets/cases/gwangju-bukgu-drain-cleaning/01.webp","광주 북구 하수구 시공 현장 작업 과정 1","광주 북구 하수구 시공 현장 작업 과정 1"
"cases--gwangju-bukgu-drain-cleaning-02","cases/gwangju-bukgu-drain-cleaning/index.html","/assets/cases/gwangju-bukgu-drain-cleaning/02.webp","광주 북구 하수구 시공 현장 작업 과정 2","광주 북구 하수구 시공 현장 작업 과정 2"
"cases--gwangju-bukgu-drain-cleaning-03","cases/gwangju-bukgu-drain-cleaning/index.html","/assets/cases/gwangju-bukgu-drain-cleaning/03.webp","광주 북구 하수구 시공 현장 작업 과정 3","광주 북구 하수구 시공 현장 작업 과정 3"
"cases--gwangju-bukgu-drain-cleaning-04","cases/gwangju-bukgu-drain-cleaning/index.html","/assets/cases/gwangju-bukgu-drain-cleaning/04.webp","광주 북구 하수구 시공 현장 작업 과정 4","광주 북구 하수구 시공 현장 작업 과정 4"
"cases--gwangju-bukgu-drain-cleaning-05","cases/gwangju-bukgu-drain-cleaning/index.html","/assets/cases/gwangju-bukgu-drain-cleaning/05.webp","광주 북구 하수구 시공 현장 작업 과정 5","광주 북구 하수구 시공 현장 작업 과정 5"
"cases--gwangju-bukgu-drain-cleaning-06","cases/gwangju-bukgu-drain-cleaning/index.html","/assets/cases/gwangju-bukgu-drain-cleaning/06.webp","광주 북구 하수구 시공 현장 작업 과정 6","광주 북구 하수구 시공 현장 작업 과정 6"
"cases--gwangju-bukgu-drain-cleaning-07","cases/gwangju-bukgu-drain-cleaning/index.html","/assets/cases/gwangju-bukgu-drain-cleaning/07.webp","광주 북구 하수구 시공 현장 작업 과정 7","광주 북구 하수구 시공 현장 작업 과정 7"
"cases--gwangju-bukgu-drain-cleaning-08","cases/gwangju-bukgu-drain-cleaning/index.html","/assets/cases/gwangju-bukgu-drain-cleaning/08.webp","광주 북구 하수구 시공 현장 작업 과정 8","광주 북구 하수구 시공 현장 작업 과정 8"
"cases--gwangju-bukgu-drain-cleaning-09","cases/gwangju-bukgu-drain-cleaning/index.html","/assets/cases/gwangju-bukgu-drain-cleaning/09.webp","광주 북구 하수구 시공 현장 작업 과정 9","광주 북구 하수구 시공 현장 작업 과정 9"
"cases--gwangju-bukgu-drain-cleaning-10","cases/gwangju-bukgu-drain-cleaning/index.html","/assets/cases/gwangju-bukgu-drain-cleaning/10.webp","광주 북구 하수구 시공 현장 작업 과정 10","광주 북구 하수구 시공 현장 작업 과정 10"
"cases--gwangju-bukgu-drain-cleaning-11","cases/gwangju-bukgu-drain-cleaning/index.html","/assets/cases/gwangju-bukgu-drain-cleaning/11.webp","광주 북구 하수구 시공 현장 작업 과정 11","광주 북구 하수구 시공 현장 작업 과정 11"
"cases--gwangju-bukgu-drain-cleaning-12","cases/gwangju-bukgu-drain-cleaning/index.html","/assets/cases/gwangju-bukgu-drain-cleaning/12.webp","광주 북구 하수구 시공 현장 작업 과정 12","광주 북구 하수구 시공 현장 작업 과정 12"
"cases--hwasun-drain-blockage-01","cases/hwasun-drain-blockage/index.html","/assets/cases/hwasun-drain-blockage/01.webp","화순 하수구막힘 현장 작업 과정 1","화순 하수구막힘 현장 작업 과정 1"
"cases--hwasun-drain-blockage-02","cases/hwasun-drain-blockage/index.html","/assets/cases/hwasun-drain-blockage/02.webp","화순 하수구막힘 현장 작업 과정 2","화순 하수구막힘 현장 작업 과정 2"
"cases--hwasun-drain-blockage-03","cases/hwasun-drain-blockage/index.html","/assets/cases/hwasun-drain-blockage/03.webp","화순 하수구막힘 현장 작업 과정 3","화순 하수구막힘 현장 작업 과정 3"
"cases--hwasun-drain-blockage-04","cases/hwasun-drain-blockage/index.html","/assets/cases/hwasun-drain-blockage/04.webp","화순 하수구막힘 현장 작업 과정 4","화순 하수구막힘 현장 작업 과정 4"
"cases--hwasun-drain-blockage-05","cases/hwasun-drain-blockage/index.html","/assets/cases/hwasun-drain-blockage/05.webp","화순 하수구막힘 현장 작업 과정 5","화순 하수구막힘 현장 작업 과정 5"
"cases--hwasun-drain-blockage-06","cases/hwasun-drain-blockage/index.html","/assets/cases/hwasun-drain-blockage/06.webp","화순 하수구막힘 현장 작업 과정 6","화순 하수구막힘 현장 작업 과정 6"
"cases--hwasun-drain-blockage-07","cases/hwasun-drain-blockage/index.html","/assets/cases/hwasun-drain-blockage/07.webp","화순 하수구막힘 현장 작업 과정 7","화순 하수구막힘 현장 작업 과정 7"
"cases--hwasun-drain-blockage-08","cases/hwasun-drain-blockage/index.html","/assets/cases/hwasun-drain-blockage/08.webp","화순 하수구막힘 현장 작업 과정 8","화순 하수구막힘 현장 작업 과정 8"
"cases--hampyeong-drain-blockage-01","cases/hampyeong-drain-blockage/index.html","/assets/cases/hampyeong-drain-blockage/01.webp","함평 하수구막힘 현장 작업 과정 1","함평 하수구막힘 현장 작업 과정 1"
"cases--hampyeong-drain-blockage-02","cases/hampyeong-drain-blockage/index.html","/assets/cases/hampyeong-drain-blockage/02.webp","함평 하수구막힘 현장 작업 과정 2","함평 하수구막힘 현장 작업 과정 2"
"cases--hampyeong-drain-blockage-03","cases/hampyeong-drain-blockage/index.html","/assets/cases/hampyeong-drain-blockage/03.webp","함평 하수구막힘 현장 작업 과정 3","함평 하수구막힘 현장 작업 과정 3"
"cases--hampyeong-drain-blockage-04","cases/hampyeong-drain-blockage/index.html","/assets/cases/hampyeong-drain-blockage/04.webp","함평 하수구막힘 현장 작업 과정 4","함평 하수구막힘 현장 작업 과정 4"
"cases--hampyeong-drain-blockage-05","cases/hampyeong-drain-blockage/index.html","/assets/cases/hampyeong-drain-blockage/05.webp","함평 배관 점검 및 작업 후 확인 5","함평 배관 점검 및 작업 후 확인 5"
"cases--suncheon-toilet-blockage-01","cases/suncheon-toilet-blockage/index.html","/assets/cases/suncheon-toilet-blockage/01.webp","순천 배관 시공 현장 작업 과정 1","순천 배관 시공 현장 작업 과정 1"
"cases--suncheon-toilet-blockage-02","cases/suncheon-toilet-blockage/index.html","/assets/cases/suncheon-toilet-blockage/02.webp","순천 배관 시공 현장 작업 과정 2","순천 배관 시공 현장 작업 과정 2"
"cases--suncheon-toilet-blockage-03","cases/suncheon-toilet-blockage/index.html","/assets/cases/suncheon-toilet-blockage/03.webp","순천 배관 시공 현장 작업 과정 3","순천 배관 시공 현장 작업 과정 3"
"cases--suncheon-toilet-blockage-04","cases/suncheon-toilet-blockage/index.html","/assets/cases/suncheon-toilet-blockage/04.webp","순천 배관 시공 현장 작업 과정 4","순천 배관 시공 현장 작업 과정 4"
"cases--suncheon-toilet-blockage-05","cases/suncheon-toilet-blockage/index.html","/assets/cases/suncheon-toilet-blockage/05.webp","순천 배관 시공 현장 작업 과정 5","순천 배관 시공 현장 작업 과정 5"
"cases--suncheon-toilet-blockage-06","cases/suncheon-toilet-blockage/index.html","/assets/cases/suncheon-toilet-blockage/06.webp","순천 배관 시공 현장 작업 과정 6","순천 배관 시공 현장 작업 과정 6"
"cases--suncheon-toilet-blockage-07","cases/suncheon-toilet-blockage/index.html","/assets/cases/suncheon-toilet-blockage/07.webp","순천 배관 시공 현장 작업 과정 7","순천 배관 시공 현장 작업 과정 7"
"cases--suncheon-toilet-blockage-08","cases/suncheon-toilet-blockage/index.html","/assets/cases/suncheon-toilet-blockage/08.webp","순천 배관 시공 현장 작업 과정 8","순천 배관 시공 현장 작업 과정 8"
"cases--suncheon-toilet-blockage-09","cases/suncheon-toilet-blockage/index.html","/assets/cases/suncheon-toilet-blockage/09.webp","순천 배관 시공 현장 작업 과정 9","순천 배관 시공 현장 작업 과정 9"
"cases--suncheon-toilet-blockage-10","cases/suncheon-toilet-blockage/index.html","/assets/cases/suncheon-toilet-blockage/10.webp","순천 배관 시공 현장 작업 과정 10","순천 배관 시공 현장 작업 과정 10"
"cases--suncheon-toilet-blockage-11","cases/suncheon-toilet-blockage/index.html","/assets/cases/suncheon-toilet-blockage/11.webp","순천 배관 시공 현장 작업 과정 11","순천 배관 시공 현장 작업 과정 11"
"cases--suncheon-toilet-blockage-12","cases/suncheon-toilet-blockage/index.html","/assets/cases/suncheon-toilet-blockage/12.webp","순천 배관 시공 현장 작업 과정 12","순천 배관 시공 현장 작업 과정 12"
"cases--jangseong-damyang-sink-blockage-01","cases/jangseong-damyang-sink-blockage/index.html","/assets/cases/jangseong-damyang-sink-blockage/01.webp","장성·담양 배관 시공 현장 작업 과정 1","장성·담양 배관 시공 현장 작업 과정 1"
"cases--jangseong-damyang-sink-blockage-02","cases/jangseong-damyang-sink-blockage/index.html","/assets/cases/jangseong-damyang-sink-blockage/02.webp","장성·담양 배관 시공 현장 작업 과정 2","장성·담양 배관 시공 현장 작업 과정 2"
"cases--jangseong-damyang-sink-blockage-03","cases/jangseong-damyang-sink-blockage/index.html","/assets/cases/jangseong-damyang-sink-blockage/03.webp","장성·담양 배관 시공 현장 작업 과정 3","장성·담양 배관 시공 현장 작업 과정 3"
"cases--jangseong-damyang-sink-blockage-04","cases/jangseong-damyang-sink-blockage/index.html","/assets/cases/jangseong-damyang-sink-blockage/04.webp","장성·담양 배관 시공 현장 작업 과정 4","장성·담양 배관 시공 현장 작업 과정 4"
"cases--jangseong-damyang-sink-blockage-05","cases/jangseong-damyang-sink-blockage/index.html","/assets/cases/jangseong-damyang-sink-blockage/05.webp","장성·담양 배관 시공 현장 작업 과정 5","장성·담양 배관 시공 현장 작업 과정 5"
"cases--jangseong-damyang-sink-blockage-06","cases/jangseong-damyang-sink-blockage/index.html","/assets/cases/jangseong-damyang-sink-blockage/06.webp","장성·담양 배관 시공 현장 작업 과정 6","장성·담양 배관 시공 현장 작업 과정 6"
"cases--jangseong-damyang-sink-blockage-07","cases/jangseong-damyang-sink-blockage/index.html","/assets/cases/jangseong-damyang-sink-blockage/07.webp","장성·담양 배관 시공 현장 작업 과정 7","장성·담양 배관 시공 현장 작업 과정 7"
"cases--jangseong-damyang-sink-blockage-08","cases/jangseong-damyang-sink-blockage/index.html","/assets/cases/jangseong-damyang-sink-blockage/08.webp","장성·담양 배관 시공 현장 작업 과정 8","장성·담양 배관 시공 현장 작업 과정 8"
"cases--jangseong-damyang-sink-blockage-09","cases/jangseong-damyang-sink-blockage/index.html","/assets/cases/jangseong-damyang-sink-blockage/09.webp","장성·담양 배관 시공 현장 작업 과정 9","장성·담양 배관 시공 현장 작업 과정 9"
"cases--jangseong-damyang-sink-blockage-10","cases/jangseong-damyang-sink-blockage/index.html","/assets/cases/jangseong-damyang-sink-blockage/10.webp","장성·담양 배관 시공 현장 작업 과정 10","장성·담양 배관 시공 현장 작업 과정 10"
"cases--jangseong-damyang-sink-blockage-11","cases/jangseong-damyang-sink-blockage/index.html","/assets/cases/jangseong-damyang-sink-blockage/11.webp","장성·담양 배관 시공 현장 작업 과정 11","장성·담양 배관 시공 현장 작업 과정 11"
"cases--jangseong-damyang-sink-blockage-12","cases/jangseong-damyang-sink-blockage/index.html","/assets/cases/jangseong-damyang-sink-blockage/12.webp","장성·담양 배관 시공 현장 작업 과정 12","장성·담양 배관 시공 현장 작업 과정 12"
"cases--yeosu-drain-blockage-01","cases/yeosu-drain-blockage/index.html","/assets/cases/yeosu-drain-blockage/01.webp","여수 하수구막힘 현장 작업 과정 1","여수 하수구막힘 현장 작업 과정 1"
"cases--yeosu-drain-blockage-02","cases/yeosu-drain-blockage/index.html","/assets/cases/yeosu-drain-blockage/02.webp","여수 하수구막힘 현장 작업 과정 2","여수 하수구막힘 현장 작업 과정 2"
"cases--yeosu-drain-blockage-03","cases/yeosu-drain-blockage/index.html","/assets/cases/yeosu-drain-blockage/03.webp","여수 하수구막힘 현장 작업 과정 3","여수 하수구막힘 현장 작업 과정 3"
"cases--yeosu-drain-blockage-04","cases/yeosu-drain-blockage/index.html","/assets/cases/yeosu-drain-blockage/04.webp","여수 하수구막힘 현장 작업 과정 4","여수 하수구막힘 현장 작업 과정 4"
"cases--yeosu-drain-blockage-05","cases/yeosu-drain-blockage/index.html","/assets/cases/yeosu-drain-blockage/05.webp","여수 하수구막힘 현장 작업 과정 5","여수 하수구막힘 현장 작업 과정 5"
"cases--yeosu-drain-blockage-06","cases/yeosu-drain-blockage/index.html","/assets/cases/yeosu-drain-blockage/06.webp","여수 하수구막힘 현장 작업 과정 6","여수 하수구막힘 현장 작업 과정 6"
"cases--naju-hwasun-drain-cleaning-01","cases/naju-hwasun-drain-cleaning/index.html","/assets/cases/naju-hwasun-drain-cleaning/01.webp","나주·화순 하수구 시공 현장 작업 과정 1","나주·화순 하수구 시공 현장 작업 과정 1"
"cases--naju-hwasun-drain-cleaning-02","cases/naju-hwasun-drain-cleaning/index.html","/assets/cases/naju-hwasun-drain-cleaning/02.webp","나주·화순 하수구 시공 현장 작업 과정 2","나주·화순 하수구 시공 현장 작업 과정 2"
"cases--naju-hwasun-drain-cleaning-03","cases/naju-hwasun-drain-cleaning/index.html","/assets/cases/naju-hwasun-drain-cleaning/03.webp","나주·화순 하수구 시공 현장 작업 과정 3","나주·화순 하수구 시공 현장 작업 과정 3"
"cases--naju-hwasun-drain-cleaning-04","cases/naju-hwasun-drain-cleaning/index.html","/assets/cases/naju-hwasun-drain-cleaning/04.webp","나주·화순 하수구 시공 현장 작업 과정 4","나주·화순 하수구 시공 현장 작업 과정 4"
"cases--naju-hwasun-drain-cleaning-05","cases/naju-hwasun-drain-cleaning/index.html","/assets/cases/naju-hwasun-drain-cleaning/05.webp","나주·화순 하수구 시공 현장 작업 과정 5","나주·화순 하수구 시공 현장 작업 과정 5"
"cases--naju-hwasun-drain-cleaning-06","cases/naju-hwasun-drain-cleaning/index.html","/assets/cases/naju-hwasun-drain-cleaning/06.webp","나주·화순 하수구 시공 현장 작업 과정 6","나주·화순 하수구 시공 현장 작업 과정 6"
"cases--naju-hwasun-drain-cleaning-07","cases/naju-hwasun-drain-cleaning/index.html","/assets/cases/naju-hwasun-drain-cleaning/07.webp","나주·화순 하수구 시공 현장 작업 과정 7","나주·화순 하수구 시공 현장 작업 과정 7"
"cases--naju-hwasun-drain-cleaning-08","cases/naju-hwasun-drain-cleaning/index.html","/assets/cases/naju-hwasun-drain-cleaning/08.webp","나주·화순 하수구 시공 현장 작업 과정 8","나주·화순 하수구 시공 현장 작업 과정 8"
"cases--naju-hwasun-drain-cleaning-09","cases/naju-hwasun-drain-cleaning/index.html","/assets/cases/naju-hwasun-drain-cleaning/09.webp","나주·화순 하수구 시공 현장 작업 과정 9","나주·화순 하수구 시공 현장 작업 과정 9"
"cases--naju-hwasun-drain-cleaning-10","cases/naju-hwasun-drain-cleaning/index.html","/assets/cases/naju-hwasun-drain-cleaning/10.webp","나주·화순 하수구 시공 현장 작업 과정 10","나주·화순 하수구 시공 현장 작업 과정 10"
"cases--naju-hwasun-drain-cleaning-11","cases/naju-hwasun-drain-cleaning/index.html","/assets/cases/naju-hwasun-drain-cleaning/11.webp","나주·화순 하수구 시공 현장 작업 과정 11","나주·화순 하수구 시공 현장 작업 과정 11"
"cases--naju-hwasun-drain-cleaning-12","cases/naju-hwasun-drain-cleaning/index.html","/assets/cases/naju-hwasun-drain-cleaning/12.webp","나주·화순 하수구 시공 현장 작업 과정 12","나주·화순 하수구 시공 현장 작업 과정 12"